"model_id","reference_date","wis_scaled_relative_skill","wis","ae_median_scaled_relative_skill","ae_median","interval_coverage_50","interval_coverage_95","n"
"CADPH-CovidCAT_Ensemble",2025-11-29,0.319295348934642,15.2264138359173,0.332421422476247,22.8243465045975,0.75,1,4
"CADPH-CovidCAT_Ensemble",2025-12-06,1.56374601951478,103.093787924023,1.39074534872813,133.893560413616,0,0,4
"CADPH-CovidCAT_Ensemble",2025-12-13,1.04974638354353,71.6777204603045,0.9713828157954,106.130614522575,0,0.25,4
"CADPH-CovidCAT_Ensemble",2025-12-20,0.263230582261305,16.5436519372819,0.198943870967896,16.5412466123705,0.75,1,4
"CADPH-CovidCAT_Ensemble",2025-12-27,0.283528484652905,18.603739746724,0.288093108851097,25.1975348382797,0.75,1,4
"CADPH-CovidCAT_Ensemble",2026-01-03,0.366746594413752,23.2860799762581,0.39244438061716,36.860457132195,0.5,1,4
"CADPH-CovidCAT_Ensemble",2026-01-10,2.74358475861916,111.843858948258,3.21824770131841,178.031164546934,0,0.75,4
"CADPH-CovidCAT_Ensemble",2026-01-17,0.713558971270012,28.0722573116948,0.877881307489077,43.305268469833,0.25,1,4
"CADPH-CovidCAT_Ensemble",2026-01-24,0.569267340275958,20.9672377640516,0.760772047201797,38.7880595797655,0.75,1,4
"CADPH-CovidCAT_Ensemble",2026-01-31,1.06995529175348,36.4847536669271,1.29677963433193,62.4262802271837,0.25,1,4
"CADPH-CovidCAT_Ensemble",2026-02-07,2.09126485626694,77.5151402603058,2.12251939553618,110.477202556034,0,0.5,4
"CADPH-CovidCAT_Ensemble",2026-02-14,0.894056115855673,34.5219529094891,0.976965003833144,55.6686174529695,0,0.75,4
"CADPH-CovidCAT_Ensemble",2026-02-21,0.830863631996177,33.0911593191462,1.03753329610177,51.2392533289777,0.666666666666667,0.666666666666667,4
"CADPH-CovidCAT_Ensemble",2026-02-28,0.615629390082338,21.7916927268841,0.6657363986138,38.155148734827,0,1,4
"CADPH-CovidCAT_Ensemble",2026-03-07,0.596946097413632,15.1636614456797,0.63191209554249,27.354975339467,0,1,4
"CEPH-Rtrend_covid",2025-03-15,1.15232879539139,26.3948327759197,1.13635770710662,38.7884615384615,0.557692307692308,0.923076923076923,208
"CEPH-Rtrend_covid",2025-03-22,1.09672787241222,27.7135284280936,1.07606600735601,40.4615384615385,0.456730769230769,0.913461538461538,208
"CEPH-Rtrend_covid",2025-03-29,0.987658052425805,24.5984573578595,1.03601983343975,37.9951923076923,0.475961538461538,0.875,208
"CEPH-Rtrend_covid",2025-04-05,0.81744863933265,16.8477320234114,0.861355380254689,26.4663461538462,0.538461538461538,0.942307692307692,208
"CEPH-Rtrend_covid",2025-04-12,0.987378875751988,20.1617788461538,1.09018859429653,31.5576923076923,0.504807692307692,0.908653846153846,208
"CEPH-Rtrend_covid",2025-04-19,1.25500408048756,20.6445464046823,1.43320319790053,32.3221153846154,0.408653846153846,0.860576923076923,208
"CEPH-Rtrend_covid",2025-04-26,0.834745663808575,13.6371571906355,0.972462008189916,22.1923076923077,0.432692307692308,0.908653846153846,208
"CEPH-Rtrend_covid",2025-05-03,0.852741146368304,13.776858277592,1.00654668417648,21.7836538461538,0.471153846153846,0.879807692307692,208
"CEPH-Rtrend_covid",2025-05-10,0.879876332354476,14.9918373745819,1.00821200768382,22.8798076923077,0.413461538461538,0.846153846153846,208
"CEPH-Rtrend_covid",2025-05-17,1.26292519413322,19.7672909698997,1.43359097997461,28.8076923076923,0.288461538461538,0.75,208
"CEPH-Rtrend_covid",2025-05-24,1.26040973831116,22.0005225752508,1.45275048301099,30.3605769230769,0.355769230769231,0.798076923076923,208
"CEPH-Rtrend_covid",2025-05-31,1.31628497707657,21.5534406354515,1.68386946164736,30.0625,0.283653846153846,0.745192307692308,208
"CEPH-Rtrend_covid",2025-06-07,1.0455435966587,16.3652006688963,1.3630150274901,23.4471153846154,0.360576923076923,0.778846153846154,208
"CEPH-Rtrend_covid",2025-06-14,1.00443346713475,17.0386036789298,1.20540031158444,24.5576923076923,0.394230769230769,0.822115384615385,208
"CEPH-Rtrend_covid",2025-06-21,1.13604983344108,19.5909051003344,1.22224045943716,27.9711538461538,0.254807692307692,0.706730769230769,208
"CEPH-Rtrend_covid",2025-06-28,1.08205715608505,19.123108277592,1.291672793989,28.125,0.350961538461538,0.759615384615385,208
"CEPH-Rtrend_covid",2025-07-05,0.956708293605761,19.2519502508361,1.05586472145707,28.2403846153846,0.384615384615385,0.788461538461538,208
"CEPH-Rtrend_covid",2025-07-12,1.10225302923638,27.61877090301,1.07719192080803,38.4375,0.293269230769231,0.692307692307692,208
"CEPH-Rtrend_covid",2025-07-19,0.944015704051227,25.5941095317726,0.939789387823692,37.7067307692308,0.283653846153846,0.701923076923077,208
"CEPH-Rtrend_covid",2025-07-26,0.991715849424131,34.7871718227425,0.927553908069871,47.9375,0.3125,0.697115384615385,208
"CEPH-Rtrend_covid",2025-08-02,0.839847798547555,33.6870505852843,0.809478319848885,48.2259615384615,0.259615384615385,0.673076923076923,208
"CEPH-Rtrend_covid",2025-08-09,0.53935351088781,22.9627633779264,0.572629772446869,36.375,0.413461538461538,0.875,208
"CEPH-Rtrend_covid",2025-08-16,0.502888891361991,23.5652320234114,0.499888042994868,33.5528846153846,0.442307692307692,0.778846153846154,208
"CEPH-Rtrend_covid",2025-08-23,0.56552511477235,24.8641764214047,0.583271204515202,35.8942307692308,0.480769230769231,0.875,208
"CEPH-Rtrend_covid",2025-08-30,0.862440622606393,32.117489548495,0.893700562560587,49.3317307692308,0.408653846153846,0.841346153846154,208
"CEPH-Rtrend_covid",2025-09-06,1.24226004143422,43.7784071906354,1.22830478076089,65.375,0.360576923076923,0.745192307692308,208
"CEPH-Rtrend_covid",2025-09-13,1.67353080378717,63.7253595317726,1.73166626515929,92.3701923076923,0.225961538461538,0.596153846153846,208
"CEPH-Rtrend_covid",2025-09-20,1.71664582173122,65.480022993311,1.7641787851892,95.0673076923077,0.197115384615385,0.610576923076923,208
"CEPH-Rtrend_covid",2025-09-27,1.50363822441137,54.7895673076923,1.4802465403287,81.7067307692308,0.197115384615385,0.653846153846154,208
"CEPH-Rtrend_covid",2025-11-29,0.875870221772052,17.4553490802676,0.941826509892925,28.1682692307692,0.466346153846154,0.889423076923077,208
"CEPH-Rtrend_covid",2025-12-06,0.993930216555256,31.3416931438127,0.963466320825943,47.8365384615385,0.322115384615385,0.769230769230769,208
"CEPH-Rtrend_covid",2025-12-13,0.994086201148534,40.7270150501672,0.983880532632372,60.7548076923077,0.245192307692308,0.759615384615385,208
"CEPH-Rtrend_covid",2025-12-20,0.70427420810544,36.3770526755853,0.705845985945585,57.1490384615385,0.375,0.822115384615385,208
"CEPH-Rtrend_covid",2025-12-27,0.792708319134345,35.39622909699,0.799283883812121,52.9278846153846,0.427884615384615,0.798076923076923,208
"CEPH-Rtrend_covid",2026-01-03,1.13971068915923,29.1865050167224,1.21586076373,43.0865384615385,0.524038461538462,0.860576923076923,208
"CEPH-Rtrend_covid",2026-01-10,1.74689744373081,40.2066659698997,1.87082079350176,63.1875,0.355769230769231,0.826923076923077,208
"CEPH-Rtrend_covid",2026-01-17,1.08495501327724,23.0485723244147,1.20575076306192,36.7836538461538,0.375,0.884615384615385,208
"CEPH-Rtrend_covid",2026-01-24,1.00737798144765,18.3336705685619,1.14286485461231,28.7740384615385,0.504807692307692,0.903846153846154,208
"CEPH-Rtrend_covid",2026-01-31,1.21857360220366,22.3610242474916,1.31866312443831,35.4086538461538,0.389423076923077,0.846153846153846,208
"CEPH-Rtrend_covid",2026-02-07,1.20892794037707,18.1253323578595,1.43821639951918,30.1682692307692,0.466346153846154,0.9375,208
"CEPH-Rtrend_covid",2026-02-14,1.05362336924382,15.864347826087,1.18281810591722,25.7788461538462,0.538461538461538,0.923076923076923,208
"CEPH-Rtrend_covid",2026-02-21,0.862027565022707,13.4142920847269,0.889056686287761,19.7564102564103,0.557692307692308,0.91025641025641,208
"CEPH-Rtrend_covid",2026-02-28,0.948110097166858,12.3510200668896,0.923579614865776,18.8461538461538,0.5,0.884615384615385,208
"CEPH-Rtrend_covid",2026-03-07,1.1351794964907,13.5405602006689,1.12763777702381,20.9230769230769,0.403846153846154,0.769230769230769,208
"CFA-EpiAutoGP",2025-08-30,1.11711818651158,40.5292256283117,0.84903556173756,43.2854923302083,0.770833333333333,1,192
"CFA-EpiAutoGP",2025-09-06,1.17332813898431,39.4705578675874,1.00194474659537,51.5273210140625,0.677083333333333,0.973958333333333,192
"CFA-EpiAutoGP",2025-09-13,1.30617024596317,48.4434130096388,1.45302979139117,75.0790494354167,0.479166666666667,0.885416666666667,192
"CFA-EpiAutoGP",2025-09-20,1.55298114316674,59.9967538581836,1.68610130447266,91.491332171875,0.395833333333333,0.817708333333333,192
"CFA-EpiAutoGP",2025-09-27,1.25272342127225,46.1224546866457,1.30320444929552,72.4593782661458,0.276041666666667,0.838541666666667,192
"CFA-EpiAutoGP",2025-11-22,0.877314622067472,12.891142331389,0.895049045505078,18.9401193473958,0.588541666666667,0.973958333333333,192
"CFA-EpiAutoGP",2025-11-29,0.706928626534991,13.7111480823996,0.716317008451344,20.8646299640625,0.536458333333333,0.932291666666667,192
"CFA-EpiAutoGP",2025-12-06,0.645141575073846,19.1275050305467,0.660806610747214,31.2917433848958,0.442708333333333,0.963541666666667,192
"CFA-EpiAutoGP",2025-12-13,0.595807711874161,23.9086250300606,0.587071182889329,36.2153750526042,0.510416666666667,0.932291666666667,192
"CFA-EpiAutoGP",2025-12-20,0.687494816804223,34.0063700713665,0.723898403210648,53.2987260302083,0.369791666666667,0.885416666666667,192
"CFA-EpiAutoGP",2025-12-27,0.664426442676858,29.2593093683599,0.709491397582531,44.8821707395833,0.4375,0.895833333333333,192
"CFA-EpiAutoGP",2026-01-10,2.40146086610685,52.6130294188778,2.61813296405597,84.5846981822917,0.25,0.880208333333333,192
"CFA-EpiAutoGP",2026-01-17,1.75509017017235,37.3897193388627,1.9905975029516,61.5883601229167,0.260416666666667,0.911458333333333,192
"CFA-EpiAutoGP",2026-01-24,1.07565253615324,19.3608057989907,1.20267973399186,29.8692850875,0.572916666666667,0.973958333333333,192
"CFA-EpiAutoGP",2026-01-31,1.02317233012701,18.8580571716607,1.02350053274998,27.5924170963542,0.635416666666667,0.963541666666667,192
"CFA-EpiAutoGP",2026-02-07,0.880095133482146,13.2878549161318,0.916315935480203,19.0254513432292,0.697916666666667,0.984375,192
"CFA-EpiAutoGP",2026-02-14,0.932306176245682,14.3745752881226,0.991463928605976,22.0613970369792,0.588541666666667,0.979166666666667,192
"CFA-EpiAutoGP",2026-02-21,1.27591603568339,19.7185868973153,1.31088625582766,28.6024238126389,0.5,0.930555555555556,192
"CFA-EpiAutoGP",2026-02-28,1.21992162347578,15.797585689976,1.24663047345484,25.2675267208333,0.458333333333333,0.927083333333333,192
"CFA-EpiAutoGP",2026-03-07,1.35933871116344,16.3600167929713,1.33873914922888,25.3673968354167,0.354166666666667,0.854166666666667,192
"CFA_Pyrenew-PyrenewHEW_COVID",2025-05-03,0.804697086178701,4.99872384057971,1.06857273717327,8.3,0.533333333333333,0.966666666666667,30
"CFA_Pyrenew-PyrenewHEW_COVID",2025-05-10,0.764819701747046,6.22044335748792,0.915123089372749,9.7037037037037,0.462962962962963,0.907407407407407,54
"CFA_Pyrenew-PyrenewHEW_COVID",2025-05-17,0.816641505043703,7.05621188639551,1.03542620437527,11.741935483871,0.435483870967742,0.951612903225806,62
"CFA_Pyrenew-PyrenewHEW_COVID",2025-05-24,0.719326989509351,7.53214019151139,0.869095357792289,11.3809523809524,0.571428571428571,0.952380952380952,84
"CFA_Pyrenew-PyrenewHEW_COVID",2025-05-31,0.611563778838392,7.44200560770751,0.82671407504913,11.4261363636364,0.522727272727273,0.977272727272727,88
"CFA_Pyrenew-PyrenewHEW_COVID",2025-06-07,0.735093991032741,7.96956254940711,1.04889235156647,12.9090909090909,0.454545454545455,0.943181818181818,88
"CFA_Pyrenew-PyrenewHEW_COVID",2025-06-14,0.528443837554445,7.37997648221344,0.693301060915213,11.75,0.545454545454545,0.965909090909091,88
"CFA_Pyrenew-PyrenewHEW_COVID",2025-06-21,0.559519578578043,7.99165871980676,0.627130676819187,11.8666666666667,0.522222222222222,0.944444444444444,90
"CFA_Pyrenew-PyrenewHEW_COVID",2025-06-28,0.545081318072384,6.48519285024155,0.650259599374768,9.55555555555556,0.6,0.944444444444444,90
"CFA_Pyrenew-PyrenewHEW_COVID",2025-07-05,0.491339290260392,6.40476835748792,0.577995233343968,9.95555555555556,0.544444444444444,0.944444444444444,90
"CFA_Pyrenew-PyrenewHEW_COVID",2025-07-12,0.428330216051028,6.68502004830918,0.455920783824537,10.1833333333333,0.544444444444444,0.944444444444444,90
"CFA_Pyrenew-PyrenewHEW_COVID",2025-07-19,0.421170143438059,7.22249785024155,0.428365704355298,10.8611111111111,0.488888888888889,0.911111111111111,90
"CFA_Pyrenew-PyrenewHEW_COVID",2025-07-26,0.392866313158537,8.69861456521739,0.422464741352166,13.7388888888889,0.466666666666667,0.966666666666667,90
"CFA_Pyrenew-PyrenewHEW_COVID",2025-08-02,0.36944668212559,9.73600028355387,0.367618671480624,14.5,0.532608695652174,0.934782608695652,92
"CFA_Pyrenew-PyrenewHEW_COVID",2025-08-09,0.397182320262995,11.6664690101758,0.416195944886493,18.3563829787234,0.542553191489362,0.925531914893617,94
"CFA_Pyrenew-PyrenewHEW_COVID",2025-08-16,0.330245862043643,11.547272826087,0.36881838442776,18.2119565217391,0.478260869565217,0.945652173913043,92
"CFA_Pyrenew-PyrenewHEW_COVID",2025-08-23,0.573097543159511,19.7015669056429,0.611590932083411,30.3031914893617,0.446808510638298,0.872340425531915,94
"CFA_Pyrenew-PyrenewHEW_COVID",2025-08-30,0.831865003806686,26.0351680619797,0.820784850979954,39.0265957446809,0.478723404255319,0.861702127659574,94
"CFA_Pyrenew-PyrenewHEW_COVID",2025-09-06,1.18988723436915,30.8033289084181,1.17689707922494,46.813829787234,0.382978723404255,0.808510638297872,94
"CFA_Pyrenew-PyrenewHEW_COVID",2025-09-13,1.31118060634993,33.0044872109158,1.27173106155586,45.8829787234043,0.404255319148936,0.765957446808511,94
"CFA_Pyrenew-PyrenewHEW_COVID",2025-09-20,1.01825707180754,26.6282108464385,1.09212979726183,40.2925531914894,0.361702127659574,0.74468085106383,94
"CFA_Pyrenew-PyrenewHEW_COVID",2025-09-27,0.683760373143057,18.4436353507905,0.701913553994887,28.2727272727273,0.454545454545455,0.852272727272727,88
"CFA_Pyrenew-PyrenewHEW_COVID",2025-11-22,0.918447512368779,10.3309435523715,0.937806420825731,15.3352272727273,0.397727272727273,0.875,88
"CFA_Pyrenew-PyrenewHEW_COVID",2025-11-29,1.08062353128211,14.3623712944664,1.12804982544744,22.2102272727273,0.238636363636364,0.806818181818182,88
"CFA_Pyrenew-PyrenewHEW_COVID",2025-12-06,0.951022938735147,15.2173525025278,0.855955132098641,21.9651162790698,0.27906976744186,0.837209302325581,86
"CFA_Pyrenew-PyrenewHEW_COVID",2025-12-13,0.760827319838472,15.4172539278656,0.765341008492482,24.4602272727273,0.397727272727273,0.886363636363636,88
"CFA_Pyrenew-Pyrenew_HE_COVID",2025-03-15,0.873566896685462,17.188664379529,0.811084461292939,23.609375,0.572916666666667,0.947916666666667,96
"CFA_Pyrenew-Pyrenew_HE_COVID",2025-03-22,0.827928993403944,20.0588506433008,0.822056844050794,28.2959183673469,0.448979591836735,0.948979591836735,98
"CFA_Pyrenew-Pyrenew_HE_COVID",2025-03-29,0.782887881756415,19.1498553682342,0.721274039180664,25.1836734693878,0.561224489795918,0.938775510204082,98
"CFA_Pyrenew-Pyrenew_HE_COVID",2025-04-05,0.886330687566001,16.5577298007246,0.833820236819344,23.0572916666667,0.447916666666667,0.90625,96
"CFA_Pyrenew-Pyrenew_HE_COVID",2025-04-12,0.767812942619641,15.3317338065661,0.778681722981195,21.5408163265306,0.489795918367347,0.948979591836735,98
"CFA_Pyrenew-Pyrenew_HE_COVID",2025-04-19,0.939488354978002,16.3876107808341,1.00709649927417,23.6326530612245,0.479591836734694,0.887755102040816,98
"CFA_Pyrenew-Pyrenew_HE_COVID",2025-04-26,0.831124779610168,12.8829422582076,0.958643440256693,20.3265306122449,0.489795918367347,0.938775510204082,98
"CFA_Pyrenew-Pyrenew_HE_COVID",2025-05-03,0.760306733582705,10.3978438110027,0.904897723587522,15.9540816326531,0.459183673469388,0.897959183673469,98
"CFA_Pyrenew-Pyrenew_HE_COVID",2025-05-10,0.79649587042528,10.7046710514641,0.945327160259334,16.7244897959184,0.469387755102041,0.918367346938776,98
"CFA_Pyrenew-Pyrenew_HE_COVID",2025-05-17,0.79678346468296,9.74051530612245,0.911814809756681,14.515306122449,0.510204081632653,0.948979591836735,98
"CFA_Pyrenew-Pyrenew_HE_COVID",2025-05-24,0.593050180968479,8.25443522626442,0.764242877734875,13.0204081632653,0.551020408163265,0.948979591836735,98
"CFA_Pyrenew-Pyrenew_HE_COVID",2025-05-31,0.54943537003699,6.97534454303461,0.74177764018824,10.6734693877551,0.520408163265306,0.969387755102041,98
"CFA_Pyrenew-Pyrenew_HE_COVID",2025-06-07,0.67030142179296,7.40186166814552,0.944027360832744,11.8418367346939,0.520408163265306,0.948979591836735,98
"CFA_Pyrenew-Pyrenew_HE_COVID",2025-06-14,0.594123889468752,8.04489736956522,0.761609855551845,12.49,0.51,0.97,100
"CFA_Pyrenew-Pyrenew_HE_COVID",2025-06-21,0.567168244964244,7.94824206521739,0.658383973730046,12.275,0.51,0.95,100
"CFA_Pyrenew-Pyrenew_HE_COVID",2025-06-28,0.568013059280354,7.03515136956522,0.681588735388446,10.445,0.55,0.93,100
"CFA_Pyrenew-Pyrenew_HE_COVID",2025-07-05,0.500328317438875,7.15057197826087,0.586738419227594,11.2,0.51,0.94,100
"CFA_Pyrenew-Pyrenew_HE_COVID",2025-07-12,0.417078021381942,7.41923708695652,0.447676212273978,11.515,0.51,0.96,100
"CFA_Pyrenew-Pyrenew_HE_COVID",2025-07-19,0.418009219461133,7.43011537267081,0.434639792266207,11.4234693877551,0.510204081632653,0.928571428571429,98
"CFA_Pyrenew-Pyrenew_HE_COVID",2025-07-26,0.364099489748139,8.39152782608696,0.399921951439261,13.47,0.51,0.97,100
"CFA_Pyrenew-Pyrenew_HE_COVID",2025-08-02,0.359343618055542,9.48615604347826,0.363420020165939,14.37,0.55,0.95,100
"CFA_Pyrenew-Pyrenew_HE_COVID",2025-08-09,0.403791128538473,11.6549938913043,0.426231393524583,18.42,0.48,0.93,100
"CFA_Pyrenew-Pyrenew_HE_COVID",2025-08-16,0.349412879728234,12.2723223913043,0.377249502211328,18.795,0.5,0.89,100
"CFA_Pyrenew-Pyrenew_HE_COVID",2025-08-23,0.574663451248311,20.0665807971014,0.612123009530246,30.7291666666667,0.447916666666667,0.875,96
"CFA_Pyrenew-Pyrenew_HE_COVID",2025-08-30,0.830876490289527,26.9403838575393,0.818388939341386,40.2234042553191,0.436170212765957,0.882978723404255,94
"CFA_Pyrenew-Pyrenew_HE_COVID",2025-09-06,1.09959302749907,28.3793205,1.08165479312079,42.66,0.44,0.86,100
"CFA_Pyrenew-Pyrenew_HE_COVID",2025-09-13,1.25413453746011,31.0481451956522,1.23428985080333,43.735,0.43,0.77,100
"CFA_Pyrenew-Pyrenew_HE_COVID",2025-09-20,0.916853676081727,23.4068019782609,1.00667385514778,36.21,0.36,0.77,100
"CFA_Pyrenew-Pyrenew_HE_COVID",2025-09-27,0.717079196411423,18.8832241674376,0.747756839179258,29.4734042553191,0.393617021276596,0.851063829787234,94
"CFA_Pyrenew-Pyrenew_HE_COVID",2025-11-22,0.921832054774153,10.1331924838113,0.939700492613702,15.031914893617,0.393617021276596,0.893617021276596,94
"CFA_Pyrenew-Pyrenew_HE_COVID",2025-11-29,1.09045035277609,14.1942184551341,1.1190370847432,21.7340425531915,0.25531914893617,0.808510638297872,94
"CFA_Pyrenew-Pyrenew_HE_COVID",2025-12-06,0.895299455545678,15.0356511322464,0.794268365832572,21.703125,0.291666666666667,0.84375,96
"CFA_Pyrenew-Pyrenew_HE_COVID",2025-12-13,0.725664417134776,14.289293987049,0.743899818296395,23.1170212765957,0.457446808510638,0.925531914893617,94
"CFA_Pyrenew-Pyrenew_HE_COVID",2025-12-20,0.595268805313541,22.4095634782609,0.564436983951476,34.535,0.32,0.85,100
"CFA_Pyrenew-Pyrenew_HE_COVID",2025-12-27,0.28402769310405,14.7043582850242,0.304083508297961,23.6055555555556,0.444444444444444,0.955555555555556,90
"CFA_Pyrenew-Pyrenew_HE_COVID",2026-01-03,1.03749888559195,23.405353307123,1.22743442761743,36.9468085106383,0.393617021276596,0.861702127659574,94
"CFA_Pyrenew-Pyrenew_HE_COVID",2026-01-10,1.05270934387431,17.4197717608696,1.10528695416673,27.98,0.47,0.96,100
"CFA_Pyrenew-Pyrenew_HE_COVID",2026-01-17,0.750700133305985,14.5164351521739,0.819732680394309,22.92,0.46,0.94,100
"CFA_Pyrenew-Pyrenew_HE_COVID",2026-01-24,0.772817407917017,12.2116966282165,0.89320374707409,19.5,0.510204081632653,0.959183673469388,98
"CFA_Pyrenew-Pyrenew_HE_COVID",2026-01-31,0.832012308351628,12.2605110217391,0.85587413337053,18.185,0.6,0.97,100
"CFA_Pyrenew-Pyrenew_HE_COVID",2026-02-07,0.908363511428109,11.6096933695652,1.07553181281059,19.24,0.49,0.97,100
"CFA_Pyrenew-Pyrenew_HE_COVID",2026-02-14,0.83419620695845,12.9257734347826,0.903492487835376,20.2,0.48,0.96,100
"CFA_Pyrenew-Pyrenew_HE_COVID",2026-02-21,0.830623797529828,12.2609065896739,0.862743802352143,18.8125,0.53125,0.958333333333333,96
"CFA_Pyrenew-Pyrenew_HE_COVID",2026-02-28,0.689706035194061,8.89092613043478,0.671553096226146,13.55,0.6,0.96,100
"CFA_Pyrenew-Pyrenew_HE_COVID",2026-03-07,0.684157978592001,8.58564347826087,0.658199756327448,13.27,0.5,0.9,100
"CFA_Pyrenew-Pyrenew_HW_COVID",2025-03-15,1.36767716059316,24.6147273255814,1.19679692796148,33.4244186046512,0.709302325581395,0.988372093023256,86
"CFA_Pyrenew-Pyrenew_HW_COVID",2025-03-22,1.16204970835681,14.6996671799517,0.974564093849956,18.3819444444444,0.569444444444444,0.972222222222222,72
"CFA_Pyrenew-Pyrenew_HW_COVID",2025-03-29,1.18177899061911,18.3894614702517,1.0296429413785,23.4342105263158,0.657894736842105,0.947368421052632,76
"CFA_Pyrenew-Pyrenew_HW_COVID",2025-04-05,0.913747669734329,11.1713041421857,0.859316951324845,15.5,0.635135135135135,1,74
"CFA_Pyrenew-Pyrenew_HW_COVID",2025-04-12,1.05229242044011,11.6538422768879,1.16945149389486,18.3486842105263,0.618421052631579,1,76
"CFA_Pyrenew-Pyrenew_HW_COVID",2025-04-19,1.33116860073185,17.5236400197628,1.5179586260849,27.5075757575758,0.424242424242424,0.893939393939394,66
"CFA_Pyrenew-Pyrenew_HW_COVID",2025-04-26,0.889216959027297,8.63730407608696,0.985829862533975,13.0089285714286,0.553571428571429,0.964285714285714,56
"CFA_Pyrenew-Pyrenew_HW_COVID",2025-05-03,0.766515199590795,5.36603532608696,0.866297571931797,7.86111111111111,0.583333333333333,0.972222222222222,36
"CFA_Pyrenew-Pyrenew_HW_COVID",2025-05-10,0.795631619829157,6.57284883808096,0.992177593665572,10.7586206896552,0.53448275862069,1,58
"CFA_Pyrenew-Pyrenew_HW_COVID",2025-05-17,0.952912852338074,8.36051448106592,1.16355956887715,13.2338709677419,0.419354838709677,0.967741935483871,62
"CFA_Pyrenew-Pyrenew_HW_COVID",2025-05-24,0.85578343115252,12.1790749033816,0.907451606589042,15.7055555555556,0.611111111111111,0.955555555555556,90
"CFA_Pyrenew-Pyrenew_HW_COVID",2025-05-31,0.875096209131338,10.6020568357488,1.09484573665572,14.9388888888889,0.611111111111111,0.922222222222222,90
"CFA_Pyrenew-Pyrenew_HW_COVID",2025-06-07,1.18756380624739,12.81428352657,1.67431472722495,20.4333333333333,0.533333333333333,0.955555555555556,90
"CFA_Pyrenew-Pyrenew_HW_COVID",2025-06-14,0.92773953040941,12.7799838438735,1.08452069411026,18.2159090909091,0.625,0.943181818181818,88
"CFA_Pyrenew-Pyrenew_HW_COVID",2025-06-21,0.852192731766752,12.1478050094518,0.977268010284593,18.4402173913043,0.489130434782609,0.923913043478261,92
"CFA_Pyrenew-Pyrenew_HW_COVID",2025-06-28,0.781229220214868,9.34758657004831,1.05976615851442,15.6555555555556,0.466666666666667,0.966666666666667,90
"CFA_Pyrenew-Pyrenew_HW_COVID",2025-07-05,0.793918943164131,10.2311104001976,0.962185354867913,16.3522727272727,0.534090909090909,0.943181818181818,88
"CFA_Pyrenew-Pyrenew_HW_COVID",2025-07-12,0.884660271638204,13.8113095108696,0.942200597207483,21.0454545454545,0.5,0.897727272727273,88
"CFA_Pyrenew-Pyrenew_HW_COVID",2025-07-19,0.703651692632742,12.1798562854442,0.704101620360432,17.9728260869565,0.565217391304348,0.956521739130435,92
"CFA_Pyrenew-Pyrenew_HW_COVID",2025-07-26,0.72019693610441,15.8904637922705,0.790535556310316,25.6111111111111,0.533333333333333,0.966666666666667,90
"CFA_Pyrenew-Pyrenew_HW_COVID",2025-08-02,0.671627117448474,17.8652116729679,0.717864283342045,28.570652173913,0.391304347826087,0.891304347826087,92
"CFA_Pyrenew-Pyrenew_HW_COVID",2025-08-09,0.664460872983885,19.2318795516304,0.681129964530388,29.625,0.427083333333333,0.916666666666667,96
"CFA_Pyrenew-Pyrenew_HW_COVID",2025-08-16,0.703339592654263,24.3712002490942,0.74823040771371,36.7395833333333,0.479166666666667,0.916666666666667,96
"CFA_Pyrenew-Pyrenew_HW_COVID",2025-08-23,0.69178557631667,23.5389187273551,0.767311604999073,37.5625,0.572916666666667,0.958333333333333,96
"CFA_Pyrenew-Pyrenew_HW_COVID",2025-08-30,0.738751662943378,22.8116713768116,0.690806618472683,32.4166666666667,0.510416666666667,0.947916666666667,96
"CFA_Pyrenew-Pyrenew_HW_COVID",2025-09-06,1.45533857775265,37.1237004076087,1.49329636594017,58.5520833333333,0.447916666666667,0.958333333333333,96
"CFA_Pyrenew-Pyrenew_HW_COVID",2025-09-13,1.1049598310314,27.4430306612319,1.17552608892743,41.8020833333333,0.510416666666667,0.90625,96
"CFA_Pyrenew-Pyrenew_HW_COVID",2025-09-20,0.802160545738412,20.9608532839963,0.843802772187468,31.1595744680851,0.595744680851064,0.946808510638298,94
"CFA_Pyrenew-Pyrenew_HW_COVID",2025-09-27,1.06685017291251,26.9725219202899,1.04193347838263,39.3645833333333,0.510416666666667,0.916666666666667,96
"CFA_Pyrenew-Pyrenew_HW_COVID",2025-11-22,1.09151127145212,12.1202204589372,1.17883841988173,19.0555555555556,0.5,0.966666666666667,90
"CFA_Pyrenew-Pyrenew_HW_COVID",2025-11-29,0.92995667431647,11.9957018200202,1.01482553504503,19.406976744186,0.453488372093023,0.930232558139535,86
"CFA_Pyrenew-Pyrenew_HW_COVID",2025-12-06,1.05842855752331,17.5604942366026,1.04613326680176,27.4360465116279,0.313953488372093,0.848837209302326,86
"CFA_Pyrenew-Pyrenew_HW_COVID",2025-12-13,0.835117108116744,16.7892343944099,0.816830538080092,25.5178571428571,0.488095238095238,0.928571428571429,84
"CFA_Pyrenew-Pyrenew_H_COVID",2025-03-15,1.22232683145826,25.5115049689441,1.189349947427,37.484693877551,0.602040816326531,0.989795918367347,98
"CFA_Pyrenew-Pyrenew_H_COVID",2025-03-22,1.17597128086377,28.7232562555457,1.13929147530564,39.8316326530612,0.581632653061224,0.928571428571429,98
"CFA_Pyrenew-Pyrenew_H_COVID",2025-03-29,1.01662582240768,24.4716473602484,1.00323835265148,34.6734693877551,0.602040816326531,0.928571428571429,98
"CFA_Pyrenew-Pyrenew_H_COVID",2025-04-05,0.945993237472211,17.4544757925725,0.951425724946524,26.265625,0.59375,1,96
"CFA_Pyrenew-Pyrenew_H_COVID",2025-04-12,1.11985336258143,22.2855848491571,1.23909420125013,34.3010204081633,0.479591836734694,0.959183673469388,98
"CFA_Pyrenew-Pyrenew_H_COVID",2025-04-19,1.34794065057916,23.1429171251109,1.60006142363085,37.1071428571429,0.316326530612245,0.908163265306122,98
"CFA_Pyrenew-Pyrenew_H_COVID",2025-04-26,0.872857884234353,13.2913873336291,0.96343216550381,19.9336734693878,0.479591836734694,0.928571428571429,98
"CFA_Pyrenew-Pyrenew_H_COVID",2025-05-03,0.843848012993727,11.5254419254658,0.975291754205127,17.5,0.642857142857143,0.969387755102041,98
"CFA_Pyrenew-Pyrenew_H_COVID",2025-05-10,0.79123960920426,10.568817324756,0.969247904586406,17.0357142857143,0.479591836734694,0.969387755102041,98
"CFA_Pyrenew-Pyrenew_H_COVID",2025-05-17,1.00429659448175,12.12043391748,1.2017366895461,19.1530612244898,0.418367346938776,0.918367346938776,98
"CFA_Pyrenew-Pyrenew_H_COVID",2025-05-24,1.04147239552146,14.7785453637977,1.25643428668478,21.6632653061224,0.540816326530612,0.938775510204082,98
"CFA_Pyrenew-Pyrenew_H_COVID",2025-05-31,1.06181260942224,13.7169661268855,1.45396283017109,21.1836734693878,0.36734693877551,0.908163265306122,98
"CFA_Pyrenew-Pyrenew_H_COVID",2025-06-07,1.11155949975229,12.3328891748004,1.50931303823288,19.0408163265306,0.551020408163265,0.928571428571429,98
"CFA_Pyrenew-Pyrenew_H_COVID",2025-06-14,0.936732035113185,12.590768326087,1.11596716805052,18.17,0.46,0.92,100
"CFA_Pyrenew-Pyrenew_H_COVID",2025-06-21,0.996838767670614,13.8777845,1.19726380462491,22.195,0.31,0.84,100
"CFA_Pyrenew-Pyrenew_H_COVID",2025-06-28,0.74254747202649,9.07998856521739,0.933925999137271,14.125,0.48,0.9,100
"CFA_Pyrenew-Pyrenew_H_COVID",2025-07-05,0.891787303589339,12.9061848695652,1.04216117904883,20.135,0.45,0.89,100
"CFA_Pyrenew-Pyrenew_H_COVID",2025-07-12,0.843574385561621,15.3283901086957,0.904286603296668,23.64,0.35,0.85,100
"CFA_Pyrenew-Pyrenew_H_COVID",2025-07-19,0.767226348900056,13.541142,0.832313581047493,21.595,0.4,0.89,100
"CFA_Pyrenew-Pyrenew_H_COVID",2025-07-26,0.793005003959253,18.582736326087,0.836326246345363,28.54,0.44,0.9,100
"CFA_Pyrenew-Pyrenew_H_COVID",2025-08-02,0.7171477524822,19.068526826087,0.752541351932515,30.06,0.36,0.86,100
"CFA_Pyrenew-Pyrenew_H_COVID",2025-08-09,0.651371472246832,18.593628687127,0.675486416564281,28.9901960784314,0.352941176470588,0.92156862745098,102
"CFA_Pyrenew-Pyrenew_H_COVID",2025-08-16,0.56995724214273,19.6147810954817,0.644248573896623,31.4656862745098,0.490196078431373,0.882352941176471,102
"CFA_Pyrenew-Pyrenew_H_COVID",2025-08-23,0.57497583112455,19.323964599318,0.622766029781288,29.9803921568627,0.549019607843137,0.950980392156863,102
"CFA_Pyrenew-Pyrenew_H_COVID",2025-08-30,0.740953539476441,22.9082418478261,0.745262611688578,34.875,0.5,0.93,100
"CFA_Pyrenew-Pyrenew_H_COVID",2025-09-06,0.975436348192785,25.3014410912191,0.988396995530886,39.1862745098039,0.401960784313726,0.892156862745098,102
"CFA_Pyrenew-Pyrenew_H_COVID",2025-09-13,0.980621156084658,24.1387522591645,1.04265056988855,36.8235294117647,0.568627450980392,0.901960784313726,102
"CFA_Pyrenew-Pyrenew_H_COVID",2025-09-20,0.817159455050626,20.5623897485081,0.914419177597588,32.4460784313725,0.529411764705882,0.950980392156863,102
"CFA_Pyrenew-Pyrenew_H_COVID",2025-09-27,0.862242113939,21.3771001278772,0.892037257665448,33.1176470588235,0.5,0.950980392156863,102
"CFA_Pyrenew-Pyrenew_H_COVID",2025-11-22,1.04887967720758,11.3924917572464,1.14110156725014,18.0416666666667,0.427083333333333,0.927083333333333,96
"CFA_Pyrenew-Pyrenew_H_COVID",2025-11-29,0.935677940992283,12.8522284873188,1.03261589158699,20.8177083333333,0.395833333333333,0.9375,96
"CFA_Pyrenew-Pyrenew_H_COVID",2025-12-06,1.01847990341239,17.7382994010648,0.983510995955668,27.6275510204082,0.357142857142857,0.877551020408163,98
"CFA_Pyrenew-Pyrenew_H_COVID",2025-12-13,0.840217709749705,16.779191236413,0.776632017301079,24.2552083333333,0.489583333333333,0.90625,96
"CFA_Pyrenew-Pyrenew_H_COVID",2025-12-20,0.805327045312762,30.2856267050298,0.805402902620438,47.0980392156863,0.303921568627451,0.803921568627451,102
"CFA_Pyrenew-Pyrenew_H_COVID",2025-12-27,0.69207800499218,35.1904076559546,0.760806967917043,55.1304347826087,0.326086956521739,0.880434782608696,92
"CFA_Pyrenew-Pyrenew_H_COVID",2026-01-03,0.947843760993827,23.3746923233696,1.0887145538857,35.9947916666667,0.489583333333333,0.96875,96
"CFA_Pyrenew-Pyrenew_H_COVID",2026-01-10,2.70254545522341,47.0669200980392,2.77293187430974,74.1421568627451,0.313725490196078,0.892156862745098,102
"CFA_Pyrenew-Pyrenew_H_COVID",2026-01-17,0.989964901918107,19.8321436913896,0.891551645976289,28.7205882352941,0.607843137254902,0.941176470588235,102
"CFA_Pyrenew-Pyrenew_H_COVID",2026-01-24,1.42828475219169,23.4710611466326,1.61519914679152,36.6813725490196,0.352941176470588,0.882352941176471,102
"CFA_Pyrenew-Pyrenew_H_COVID",2026-01-31,1.92633351282874,27.9933875319693,2.0333421163923,42.6029411764706,0.284313725490196,0.872549019607843,102
"CFA_Pyrenew-Pyrenew_H_COVID",2026-02-07,1.25349785536275,15.7859541346974,1.34813580007058,23.9901960784314,0.490196078431373,0.950980392156863,102
"CFA_Pyrenew-Pyrenew_H_COVID",2026-02-14,1.2903529546265,19.0717230605286,1.40349972265703,30.3088235294118,0.46078431372549,0.92156862745098,102
"CFA_Pyrenew-Pyrenew_H_COVID",2026-02-21,1.20135200622039,18.1892327196096,1.20336017384444,27.5867346938776,0.489795918367347,0.938775510204082,98
"CFA_Pyrenew-Pyrenew_H_COVID",2026-02-28,1.1871562722264,15.2242344629156,1.13867254607956,22.5245098039216,0.607843137254902,0.970588235294118,102
"CFA_Pyrenew-Pyrenew_H_COVID",2026-03-07,0.936352758604933,11.5689762148338,0.938875485899847,18.1666666666667,0.549019607843137,0.980392156862745,102
"CMU-TimeSeries",2025-03-15,0.918577675775461,20.6183207560604,0.901359318754866,30.0931581136463,0.557692307692308,0.961538461538462,208
"CMU-TimeSeries",2025-03-22,0.810846151475651,20.3742762116352,0.758530564630318,28.613138479264,0.649038461538462,0.966346153846154,208
"CMU-TimeSeries",2025-03-29,0.722109131088927,17.9877647166121,0.712145705342491,26.1726481198572,0.548076923076923,0.951923076923077,208
"CMU-TimeSeries",2025-04-05,0.731329028102886,14.9004349145845,0.730492768657634,22.2757178559927,0.538461538461538,0.956730769230769,208
"CMU-TimeSeries",2025-04-12,0.722319136574577,14.3792973276905,0.757566486877943,21.436116898442,0.495192307692308,0.947115384615385,208
"CMU-TimeSeries",2025-04-19,0.857276863833701,13.8781655395629,0.943429823071168,20.7375117232252,0.524038461538462,0.927884615384615,208
"CMU-TimeSeries",2025-04-26,0.733445354308669,11.8529601148965,0.803121937225906,17.893290274254,0.485576923076923,0.918269230769231,208
"CMU-TimeSeries",2025-05-03,0.709036305682407,11.399075047083,0.801854843751047,17.0845250701076,0.495192307692308,0.942307692307692,208
"CMU-TimeSeries",2025-05-10,0.735030929822718,11.8800269077013,0.87133241422857,18.9378926253665,0.447115384615385,0.966346153846154,208
"CMU-TimeSeries",2025-05-17,0.884967545653604,12.8799691990402,1.07692136950947,20.4323530114034,0.413461538461538,0.932692307692308,208
"CMU-TimeSeries",2025-05-24,0.83830817926357,14.0758782181187,1.10847655292366,22.5301630251738,0.427884615384615,0.908653846153846,208
"CMU-TimeSeries",2025-05-31,0.940338636088153,14.7186270432431,1.38067388155553,23.6800426191573,0.341346153846154,0.899038461538462,208
"CMU-TimeSeries",2025-06-07,0.834630350757388,12.4438524834425,1.04925892099972,17.4045033472583,0.528846153846154,0.908653846153846,208
"CMU-TimeSeries",2025-06-14,0.851633959858379,14.5961850943541,0.99753456414571,20.4206353598817,0.442307692307692,0.884615384615385,208
"CMU-TimeSeries",2025-06-21,0.960671600194883,17.1618054078634,1.07074763963363,25.297542308292,0.360576923076923,0.870192307692308,208
"CMU-TimeSeries",2025-06-28,0.89807122106405,15.9121836488077,1.1389405921165,24.7202619866038,0.278846153846154,0.903846153846154,208
"CMU-TimeSeries",2025-07-05,0.723132833410424,14.8141109862865,0.927882704564177,25.1178954537216,0.298076923076923,0.889423076923077,208
"CMU-TimeSeries",2025-07-12,0.706133827278929,17.037124769061,0.877235039470273,30.4261917823076,0.432692307692308,0.956730769230769,208
"CMU-TimeSeries",2025-07-19,0.754473893477654,19.6710247718054,0.901821615546482,35.5024424002449,0.379807692307692,0.971153846153846,208
"CMU-TimeSeries",2025-07-26,0.763134603564869,25.9777905434591,0.92511380149535,46.9304779115317,0.326923076923077,0.980769230769231,208
"CMU-TimeSeries",2025-08-02,0.747494677686684,31.1295234764795,0.791598886432018,47.9944963081008,0.115384615384615,0.759615384615385,208
"CMU-TimeSeries",2025-08-09,0.949428894140564,41.1679735194438,1.01130018296544,63.8163939278745,0.115384615384615,0.692307692307692,208
"CMU-TimeSeries",2025-08-16,0.675364072998509,30.4273956011369,0.815110994409742,52.6725347217543,0.394230769230769,0.966346153846154,208
"CMU-TimeSeries",2025-08-23,0.684476693214288,28.1117648111344,0.762506051585216,43.7451962039233,0.490384615384615,0.980769230769231,208
"CMU-TimeSeries",2025-08-30,0.802029679689324,27.2014685806839,0.827321172456444,40.35438781658,0.528846153846154,0.971153846153846,208
"CMU-TimeSeries",2025-09-06,1.01378944660798,34.5927664594639,1.07242472489789,55.7192232609513,0.475961538461538,0.9375,208
"CMU-TimeSeries",2025-09-13,1.2848088046043,51.0650036951958,1.35771114859427,75.2560336024698,0.375,0.822115384615385,208
"CMU-TimeSeries",2025-09-20,0.948591248433269,39.9410263600727,1.05461296677466,62.7406744927475,0.322115384615385,0.908653846153846,208
"CMU-TimeSeries",2025-09-27,0.899925515064709,36.3181593141985,0.934892281530609,57.3422864631427,0.331730769230769,0.956730769230769,208
"CMU-TimeSeries",2025-11-22,0.918095233630975,13.8079201432022,0.917295111393603,19.983751317401,0.543269230769231,0.956730769230769,208
"CMU-TimeSeries",2025-11-29,0.765801916864835,14.0910112346444,0.705002518546059,19.3266693042196,0.596153846153846,0.966346153846154,208
"CMU-TimeSeries",2025-12-06,0.596318904532078,17.4241752240082,0.544150524452266,26.2306256533952,0.543269230769231,0.985576923076923,208
"CMU-TimeSeries",2025-12-13,0.605284812130982,23.397761696377,0.615487597657704,37.9722904867616,0.552884615384615,0.966346153846154,208
"CMU-TimeSeries",2025-12-20,0.619393348761297,29.6659493380233,0.670952921871115,48.0397074852269,0.427884615384615,0.927884615384615,208
"CMU-TimeSeries",2025-12-27,0.664743976954476,27.9893850457053,0.725041351473067,43.9722177472664,0.432692307692308,0.932692307692308,208
"CMU-TimeSeries",2026-01-03,1.11198418136516,29.5135755762005,1.28498837749791,47.8815327445304,0.442307692307692,0.980769230769231,208
"CMU-TimeSeries",2026-01-10,1.54610503663274,34.2633285731764,1.68411125893207,55.212013518041,0.317307692307692,0.947115384615385,208
"CMU-TimeSeries",2026-01-17,2.42065240728412,50.9365030363468,2.74770989606003,83.0422427282961,0.201923076923077,0.927884615384615,208
"CMU-TimeSeries",2026-01-24,0.912382240648495,15.7547639900802,0.952731408072443,22.7054125255358,0.572115384615385,0.956730769230769,208
"CMU-TimeSeries",2026-01-31,0.885948105605542,15.2492024372528,0.858681176862106,21.6035040255397,0.634615384615385,0.995192307692308,208
"CMU-TimeSeries",2026-02-07,0.924688546761096,13.5272783574285,0.814674613211894,16.4381504490526,0.711538461538462,0.975961538461538,208
"CMU-TimeSeries",2026-02-14,0.95178376956009,14.0342634046737,0.952014710785331,19.9146832330358,0.552884615384615,0.975961538461538,208
"CMU-TimeSeries",2026-02-21,0.795002318123448,12.1532455293922,0.787291536047503,17.2108830434642,0.57051282051282,0.935897435897436,208
"CMU-TimeSeries",2026-02-28,0.886579866853781,11.0977340215315,0.839317714999572,16.3750541898431,0.403846153846154,0.894230769230769,208
"CMU-TimeSeries",2026-03-07,0.813422492076751,9.47141844480068,0.808925677382882,14.7384716591165,0.480769230769231,0.961538461538462,208
"CMU-climate_baseline",2025-03-15,2.36135949334667,50.8664551989931,2.6061627108389,84.0742082867246,0.355769230769231,0.884615384615385,208
"CMU-climate_baseline",2025-03-22,1.92503585792987,45.9863928595074,2.16396644523259,76.0576732058258,0.341346153846154,0.913461538461538,208
"CMU-climate_baseline",2025-03-29,1.74301494716101,41.463506963546,1.95569391196259,68.4543892368244,0.307692307692308,0.951923076923077,208
"CMU-climate_baseline",2025-04-05,1.8991591104279,36.4981341036644,2.05420257079909,59.062991051863,0.326923076923077,0.975961538461538,208
"CMU-climate_baseline",2025-04-12,1.71528108199021,32.6320938528431,1.97858454327905,53.0713221529661,0.375,0.995192307692308,208
"CMU-climate_baseline",2025-04-19,2.25603533100957,36.2419683458751,1.96379488526101,42.7572115384615,0.586538461538462,1,208
"CMU-climate_baseline",2025-04-26,2.06703864322284,31.917613175864,1.69578586362061,36.0276442307692,0.634615384615385,0.995192307692308,208
"CMU-climate_baseline",2025-05-03,2.04710894390424,28.7963393394649,1.75265293063802,32.1947115384615,0.658653846153846,0.990384615384615,208
"CMU-climate_baseline",2025-05-10,1.77999722976759,26.2311697603121,1.4031475835697,28.1814903846154,0.706730769230769,0.985576923076923,208
"CMU-climate_baseline",2025-05-17,1.83100898274435,24.7271916457636,1.4957144931118,27.0108173076923,0.721153846153846,0.985576923076923,208
"CMU-climate_baseline",2025-05-24,1.51085233730513,23.9475545568562,1.41390768122761,27.4362980769231,0.677884615384615,0.990384615384615,208
"CMU-climate_baseline",2025-05-31,1.5640023903981,23.6914018952062,1.62274512857021,27.2608173076923,0.677884615384615,1,208
"CMU-climate_baseline",2025-06-07,1.68304734775823,23.6778592809364,1.7078094081417,26.9639423076923,0.673076923076923,0.995192307692308,208
"CMU-climate_baseline",2025-06-14,1.49495883421376,24.7158065635451,1.3633500454993,27.2860576923077,0.649038461538462,0.975961538461538,208
"CMU-climate_baseline",2025-06-21,1.55702769331374,26.2829751950947,1.23197933538827,28.4074519230769,0.677884615384615,0.975961538461538,208
"CMU-climate_baseline",2025-06-28,1.79341509996928,29.3950075459866,1.51090544979832,31.4206730769231,0.649038461538462,0.961538461538462,208
"CMU-climate_baseline",2025-07-05,1.82351899623624,34.8347000766444,1.45597761879521,37.3305288461539,0.639423076923077,0.975961538461538,208
"CMU-climate_baseline",2025-07-12,1.75934240942624,41.5322711050725,1.28609286657786,44.0949519230769,0.644230769230769,0.995192307692308,208
"CMU-climate_baseline",2025-07-19,2.02579849571038,49.1578316123189,1.39757507870587,50.0612980769231,0.677884615384615,0.995192307692308,208
"CMU-climate_baseline",2025-07-26,1.82746768274332,57.1995932901338,1.22352536867753,55.3762019230769,0.711538461538462,0.995192307692308,208
"CMU-climate_baseline",2025-08-02,1.78054356597345,64.8676091694538,1.14741309666275,61.1730769230769,0.735576923076923,0.995192307692308,208
"CMU-climate_baseline",2025-08-09,1.86573005027629,72.0417588977148,1.15388731875592,66.9146634615385,0.759615384615385,0.995192307692308,208
"CMU-climate_baseline",2025-08-16,1.85222214234286,78.5506465788742,1.21867883175764,74.9242788461538,0.730769230769231,0.990384615384615,208
"CMU-climate_baseline",2025-08-23,2.14260540569248,82.5721646530102,1.46872463796404,81.5576923076923,0.721153846153846,0.990384615384615,208
"CMU-climate_baseline",2025-08-30,2.53002852848784,82.7982554765888,1.71703635807039,83.0204326923077,0.730769230769231,0.995192307692308,208
"CMU-climate_baseline",2025-09-06,2.795190312664,80.5875596920291,1.91785652622381,83.3653846153847,0.725961538461538,0.995192307692308,208
"CMU-climate_baseline",2025-09-13,2.4991362695343,78.3295136496656,1.90198130445873,84.9290865384615,0.735576923076923,0.995192307692308,208
"CMU-climate_baseline",2025-09-20,2.25295717255116,77.2660676421405,1.8194456218992,90.6454326923077,0.668269230769231,1,208
"CMU-climate_baseline",2025-09-27,2.32098865226579,79.18388196767,1.94614262249559,103.798076923077,0.528846153846154,1,208
"CovidHub-baseline",2025-03-15,1,22.7549808424001,1,34.2884615384615,0.75,0.995192307692308,208
"CovidHub-baseline",2025-03-22,1,25.6383689176073,1,38.5673076923077,0.673076923076923,0.971153846153846,208
"CovidHub-baseline",2025-03-29,1,25.0443333178736,1,37.4278846153846,0.735576923076923,0.971153846153846,208
"CovidHub-baseline",2025-04-05,1,20.5479352152539,1,30.8605769230769,0.75,0.971153846153846,208
"CovidHub-baseline",2025-04-12,1,20.1769118528637,1,28.7067307692308,0.778846153846154,0.985576923076923,208
"CovidHub-baseline",2025-04-19,1,17.1045399065907,1,23.0288461538462,0.807692307692308,0.995192307692308,208
"CovidHub-baseline",2025-04-26,1,17.2163221675772,1,23.7307692307692,0.822115384615385,1,208
"CovidHub-baseline",2025-05-03,1,16.3860586671696,1,21.8461538461538,0.807692307692308,1,208
"CovidHub-baseline",2025-05-10,1,16.5032888916118,1,22.1538461538462,0.836538461538462,0.985576923076923,208
"CovidHub-baseline",2025-05-17,1,14.9217693209162,1,19.2644230769231,0.807692307692308,0.995192307692308,208
"CovidHub-baseline",2025-05-24,1,16.8934310065294,1,20.4134615384615,0.841346153846154,0.966346153846154,208
"CovidHub-baseline",2025-05-31,1,15.905786904934,1,17.4951923076923,0.826923076923077,0.961538461538462,208
"CovidHub-baseline",2025-06-07,1,14.8079047870166,1,16.4471153846154,0.865384615384615,0.971153846153846,208
"CovidHub-baseline",2025-06-14,1,16.9590223776712,1,20.1490384615385,0.846153846153846,0.961538461538462,208
"CovidHub-baseline",2025-06-21,1,17.2340566958366,1,22.5240384615385,0.759615384615385,0.966346153846154,208
"CovidHub-baseline",2025-06-28,1,17.1296713948497,1,21.3701923076923,0.8125,0.966346153846154,208
"CovidHub-baseline",2025-07-05,1,19.5985291135938,1,26.4903822115144,0.798076923076923,0.951923076923077,208
"CovidHub-baseline",2025-07-12,1,24.6218569473987,1,35.346151658632,0.701923076923077,0.918269230769231,208
"CovidHub-baseline",2025-07-19,1,26.3676999034782,1,39.6105769230769,0.586538461538462,0.923076923076923,208
"CovidHub-baseline",2025-07-26,1,34.0559458575259,1,50.8701923076923,0.432692307692308,0.913461538461538,208
"CovidHub-baseline",2025-08-02,1,40.188245912185,1,59.4182692307692,0.336538461538462,0.826923076923077,208
"CovidHub-baseline",2025-08-09,1,43.103479293449,1,63.5961538461538,0.283653846153846,0.846153846153846,208
"CovidHub-baseline",2025-08-16,1,45.4308999453599,1,65.1826923076923,0.274038461538462,0.798076923076923,208
"CovidHub-baseline",2025-08-23,1,39.8900012175886,1,57.5240384615385,0.346153846153846,0.860576923076923,208
"CovidHub-baseline",2025-08-30,1,32.0040613149897,1,48.4759615384615,0.346153846153846,0.870192307692308,208
"CovidHub-baseline",2025-09-06,1,30.0881164603185,1,45.5432692307692,0.442307692307692,0.913461538461538,208
"CovidHub-baseline",2025-09-13,1,37.0961444757635,1,50.9423076923077,0.480769230769231,0.831730769230769,208
"CovidHub-baseline",2025-09-20,1,38.9345725547279,1,54.3990384615385,0.495192307692308,0.889423076923077,208
"CovidHub-baseline",2025-09-27,1,37.8965457540039,1,57.2980769230769,0.379807692307692,0.927884615384615,208
"CovidHub-baseline",2025-11-22,1,15.0892476497001,1,22.668268401434,0.625,1,208
"CovidHub-baseline",2025-11-29,1,19.7728442313433,1,31.3653846153846,0.509615384615385,1,208
"CovidHub-baseline",2025-12-06,1,30.8587132688508,1,48.9759615384615,0.394230769230769,0.923076923076923,208
"CovidHub-baseline",2025-12-13,1,41.2940671342484,1,62.4086538461538,0.379807692307692,0.846153846153846,208
"CovidHub-baseline",2025-12-20,1,51.8574652850296,1,77.3653846153846,0.230769230769231,0.759615384615385,208
"CovidHub-baseline",2025-12-27,1,44.7426860109041,1,65.6346153846154,0.298076923076923,0.788461538461538,208
"CovidHub-baseline",2026-01-03,1,24.9031246710734,1,36.4519230769231,0.533653846153846,0.9375,208
"CovidHub-baseline",2026-01-10,1,22.7841505883571,1,35.1009615384615,0.552884615384615,0.980769230769231,208
"CovidHub-baseline",2026-01-17,1,21.8232372869619,1,32.9711538461538,0.600961538461538,0.975961538461538,208
"CovidHub-baseline",2026-01-24,1,17.8964779726369,1,25.7259615384615,0.677884615384615,0.961538461538462,208
"CovidHub-baseline",2026-01-31,1,17.5331415956456,1,25.8317307692308,0.615384615384615,0.975961538461538,208
"CovidHub-baseline",2026-02-07,1,14.6549531687221,1,20.5240384615385,0.735576923076923,0.985576923076923,208
"CovidHub-baseline",2026-02-14,1,14.9944057613196,1,21.3942307692308,0.677884615384615,0.995192307692308,208
"CovidHub-baseline",2026-02-21,1,15.6158555997355,1,22.5192307692308,0.641025641025641,0.961538461538462,208
"CovidHub-baseline",2026-02-28,1,12.8991897042114,1,20.0673076923077,0.538461538461538,0.990384615384615,208
"CovidHub-baseline",2026-03-07,1,11.8568281174137,1,18.8076923076923,0.519230769230769,1,208
"CovidHub-ensemble",2025-03-15,0.941013663798248,21.0004919840023,0.910579263148087,30.0980792296355,0.620192307692308,0.966346153846154,208
"CovidHub-ensemble",2025-03-22,0.833980358090401,21.0994490232581,0.79656174729217,30.045983953506,0.644230769230769,0.966346153846154,208
"CovidHub-ensemble",2025-03-29,0.781010447460633,19.3560701298574,0.789012705374267,28.8774404907054,0.610576923076923,0.961538461538462,208
"CovidHub-ensemble",2025-04-05,0.660495568018177,13.286197850729,0.663808988489441,19.8875557889525,0.653846153846154,0.985576923076923,208
"CovidHub-ensemble",2025-04-12,0.724864545344706,14.387504766251,0.804573442007722,22.6410766412295,0.625,0.971153846153846,208
"CovidHub-ensemble",2025-04-19,0.777899944565485,12.5055214221455,0.838414431466329,18.1982294166357,0.644230769230769,0.975961538461538,208
"CovidHub-ensemble",2025-04-26,0.65920255220497,10.7610649588132,0.723791106287179,16.3389998444704,0.572115384615385,0.966346153846154,208
"CovidHub-ensemble",2025-05-03,0.656247023509873,10.5575764363761,0.758951951728664,16.3531455932505,0.610576923076923,0.985576923076923,208
"CovidHub-ensemble",2025-05-10,0.647528492513566,10.632353645955,0.776982340215598,17.2171171004173,0.576923076923077,0.985576923076923,208
"CovidHub-ensemble",2025-05-17,0.821910207975017,12.234923298735,1.02162262051203,19.6215186111421,0.504807692307692,0.980769230769231,208
"CovidHub-ensemble",2025-05-24,0.765018627854532,13.0586139907534,0.963620949849165,19.7661195957969,0.533653846153846,0.956730769230769,208
"CovidHub-ensemble",2025-05-31,0.816324904197216,13.1550085424072,1.09072435323395,19.1537518598801,0.557692307692308,0.9375,208
"CovidHub-ensemble",2025-06-07,0.797266285241736,12.157147876011,1.06060583147941,17.9808785597882,0.519230769230769,0.966346153846154,208
"CovidHub-ensemble",2025-06-14,0.796811500868422,13.6144897984003,0.969246340830737,19.8509212685895,0.495192307692308,0.947115384615385,208
"CovidHub-ensemble",2025-06-21,0.751658975163417,12.8742464557319,0.905917492243806,20.4847644249776,0.442307692307692,0.947115384615385,208
"CovidHub-ensemble",2025-06-28,0.647567946505941,11.2262648064831,0.878733221846099,19.0154905060579,0.533653846153846,0.961538461538462,208
"CovidHub-ensemble",2025-07-05,0.712135963038576,14.4429373590803,0.897602674231659,24.2921079586259,0.504807692307692,0.961538461538462,208
"CovidHub-ensemble",2025-07-12,0.651843370281396,15.8484468181388,0.815886217304546,28.6123857567202,0.504807692307692,0.971153846153846,208
"CovidHub-ensemble",2025-07-19,0.653667659967338,17.1014326056238,0.767490820100073,30.3816409616596,0.447115384615385,0.975961538461538,208
"CovidHub-ensemble",2025-07-26,0.621939625316098,21.4565458106009,0.742819936593899,38.0671437005112,0.432692307692308,0.990384615384615,208
"CovidHub-ensemble",2025-08-02,0.640052095544369,26.2191246105333,0.729504454784286,43.9092212014967,0.254807692307692,0.879807692307692,208
"CovidHub-ensemble",2025-08-09,0.564773086360192,24.2795623296608,0.628369113730092,39.973990374879,0.413461538461538,0.908653846153846,208
"CovidHub-ensemble",2025-08-16,0.555786467535001,25.4690252210599,0.650638157830345,42.9783149012221,0.514423076923077,0.9375,208
"CovidHub-ensemble",2025-08-23,0.589136887533487,24.6776995004689,0.677381622531724,39.9173100588293,0.519230769230769,0.971153846153846,208
"CovidHub-ensemble",2025-08-30,0.662161961096884,22.325310288602,0.690933306766865,33.5054169797875,0.581730769230769,0.990384615384615,208
"CovidHub-ensemble",2025-09-06,0.726254612406166,23.0092535238574,0.725402891740004,34.7247692268821,0.552884615384615,0.927884615384615,208
"CovidHub-ensemble",2025-09-13,1.00533693612809,38.6887416577415,1.09184838512184,59.0503365075315,0.456730769230769,0.875,208
"CovidHub-ensemble",2025-09-20,0.98328874965839,39.9867874522246,1.08895670161157,62.3107956663656,0.350961538461538,0.870192307692308,208
"CovidHub-ensemble",2025-09-27,0.896810553256662,34.2950881288061,0.971505649884917,56.2958055067198,0.283653846153846,0.927884615384615,208
"CovidHub-ensemble",2025-11-22,0.756405774092261,11.2886060102956,0.788931669437258,17.1878560275908,0.548076923076923,0.975961538461538,208
"CovidHub-ensemble",2025-11-29,0.665261584518972,12.89901247102,0.683714088442547,19.9974805872766,0.524038461538462,0.971153846153846,208
"CovidHub-ensemble",2025-12-06,0.666490214202068,20.9471520793951,0.653682156454565,32.9746355866139,0.451923076923077,0.908653846153846,208
"CovidHub-ensemble",2025-12-13,0.683162669740583,28.5810679172119,0.661793579276106,42.3483321848965,0.447115384615385,0.860576923076923,208
"CovidHub-ensemble",2025-12-20,0.665855294025424,33.2968966470443,0.700780024250062,51.9612259354689,0.355769230769231,0.860576923076923,208
"CovidHub-ensemble",2025-12-27,0.673018422930531,29.4195788925372,0.71641808138996,45.296869742666,0.384615384615385,0.860576923076923,208
"CovidHub-ensemble",2026-01-03,0.881429893986954,22.1594933447053,1.02197935535134,35.420843306419,0.5,0.947115384615385,208
"CovidHub-ensemble",2026-01-10,1.45342448271351,32.2800157731764,1.67620225933763,54.9834736697679,0.350961538461538,0.961538461538462,208
"CovidHub-ensemble",2026-01-17,1.31781805543333,27.7339323533177,1.56367444192173,47.4081429151405,0.350961538461538,0.966346153846154,208
"CovidHub-ensemble",2026-01-24,0.789191567665641,13.9043408040338,0.77285390570941,19.317462845371,0.6875,0.961538461538462,208
"CovidHub-ensemble",2026-01-31,0.896236794808581,15.8848693158245,0.950935566854674,25.0323909707722,0.524038461538462,0.990384615384615,208
"CovidHub-ensemble",2026-02-07,0.841391080591904,12.2245572604832,0.891665348974547,18.3793189585181,0.581730769230769,0.966346153846154,208
"CovidHub-ensemble",2026-02-14,0.861225005606219,12.5681979129963,0.967220644689733,20.171472103093,0.524038461538462,0.971153846153846,208
"CovidHub-ensemble",2026-02-21,0.860193829113188,13.0811790548133,0.909249526369336,19.6664863102634,0.557692307692308,0.955128205128205,208
"CovidHub-ensemble",2026-02-28,0.760858375738007,9.6641482350774,0.736339692526238,14.5182804771108,0.586538461538462,0.951923076923077,208
"CovidHub-ensemble",2026-03-07,0.825147479938911,9.64296967167878,0.841014655559051,15.3553090271549,0.461538461538462,0.942307692307692,208
"Google_SAI-Ensemble",2025-03-22,0.922818229624915,23.6214076864694,0.874040579068164,33.1372047110066,0.375,0.884615384615385,208
"Google_SAI-Ensemble",2025-03-29,0.882177485710363,22.0059341037227,0.866186295288303,31.8462237092048,0.418269230769231,0.889423076923077,208
"Google_SAI-Ensemble",2025-04-05,0.739980997374594,15.0322989905864,0.726781983313301,21.8960733291559,0.4375,0.913461538461538,208
"Google_SAI-Ensemble",2025-04-12,0.816258213046057,16.3560331757796,0.855448997681808,24.2489951367899,0.4375,0.927884615384615,208
"Google_SAI-Ensemble",2025-04-19,0.819755118803938,13.2241692525385,0.912904690103242,20.019148631385,0.490384615384615,0.995192307692308,208
"Google_SAI-Ensemble",2025-04-26,0.740451183341106,12.0475652893647,0.801440002500371,18.2127888477041,0.605769230769231,0.995192307692308,208
"Google_SAI-Ensemble",2025-05-03,0.75326616508878,11.875212041393,0.867693920645574,18.7173924621204,0.596153846153846,0.975961538461538,208
"Google_SAI-Ensemble",2025-05-10,0.774938456431965,12.5135123999973,0.901357570410684,19.9795111071455,0.591346153846154,0.985576923076923,208
"Google_SAI-Ensemble",2025-05-17,0.896896321661275,13.2598772823607,1.08308735285023,21.0879732868677,0.466346153846154,0.975961538461538,208
"Google_SAI-Ensemble",2025-05-24,0.88224309058101,14.7703295707915,1.04391858918954,21.3044871794872,0.370192307692308,0.9375,208
"Google_SAI-Ensemble",2025-05-31,0.864452247099465,13.7155323299889,1.11510611545114,19.3717948717949,0.360576923076923,0.918269230769231,208
"Google_SAI-Ensemble",2025-06-07,3.36474540513573,46.6782998885173,3.83407894804355,59.4647435897436,0.0769230769230769,0.879807692307692,208
"Google_SAI-Ensemble",2025-12-13,0.566340820385257,22.4887211538462,0.557631760464005,34.5932692307692,0.451923076923077,0.9375,208
"Google_SAI-Ensemble",2025-12-20,0.606358821592871,29.1961668060201,0.635028524843333,45.8711538461538,0.365384615384615,0.923076923076923,208
"Google_SAI-Ensemble",2025-12-27,0.617515404769147,26.1317382943144,0.661875198604271,40.9615384615385,0.403846153846154,0.923076923076923,208
"Google_SAI-Ensemble",2026-01-03,0.845451687349297,20.2849523411371,0.968132755561742,32.3,0.456730769230769,0.947115384615385,208
"Google_SAI-Ensemble",2026-01-10,0.840284010579026,17.4480487531355,0.888805492195593,27.2798076923077,0.475961538461538,0.951923076923077,208
"Google_SAI-Ensemble",2026-01-17,0.746142676375465,14.9693939218692,0.812282038129036,23.4297542735043,0.524038461538462,0.980769230769231,208
"Google_SAI-Ensemble",2026-01-24,0.741511594468168,13.1994993218135,0.768074690923759,19.3472222222222,0.524038461538462,0.966346153846154,208
"Google_SAI-Ensemble",2026-01-31,1.05724745800163,18.7060846165459,1.19835102285929,31.0016025641026,0.307692307692308,0.985576923076923,208
"Google_SAI-Ensemble",2026-02-07,0.886556973447337,12.9914614169628,1.00666298666957,20.8176081730769,0.413461538461538,0.966346153846154,208
"Google_SAI-Ensemble",2026-02-14,1.00252446747362,14.4934891983696,1.11000960766886,23.1087740384615,0.384615384615385,0.947115384615385,208
"Google_SAI-Ensemble",2026-02-21,0.895066956692835,13.4290543251812,0.948951320372154,20.4487179487179,0.391025641025641,0.91025641025641,208
"Google_SAI-Ensemble",2026-02-28,0.728038573967277,9.17569069293478,0.698969243346702,13.6237980769231,0.461538461538462,0.923076923076923,208
"Google_SAI-Ensemble",2026-03-07,0.798925889821252,9.28203936559365,0.829288976148462,15.0504807692308,0.403846153846154,0.942307692307692,208
"JHU_CSSE-CSSE_Ensemble",2025-03-15,0.928641562082058,21.1684740964766,0.916119952157438,31.1221030991397,0.423469387755102,0.821428571428571,196
"JHU_CSSE-CSSE_Ensemble",2025-03-22,0.976072473981922,24.8914521402903,0.962211559556676,36.1238971491419,0.55,0.91,200
"JHU_CSSE-CSSE_Ensemble",2025-03-29,0.969253185731016,24.2976985563464,0.941414842037706,34.7227550276911,0.375,0.86,200
"JHU_CSSE-CSSE_Ensemble",2025-04-05,1.17144634904754,25.5107343765179,1.13931577330949,37.0907569807106,0.38953488372093,0.773255813953488,172
"JHU_CSSE-CSSE_Ensemble",2025-04-12,0.876549567864551,17.5820639152451,0.925144739842625,26.1472283417973,0.485,0.89,200
"JHU_CSSE-CSSE_Ensemble",2025-04-19,0.939353472708089,15.205563527884,1.03007766155583,22.8180701598673,0.495,0.885,200
"JHU_CSSE-CSSE_Ensemble",2025-04-26,0.746771072426693,12.2883347201809,0.861852283198705,19.743230365117,0.49,0.935,200
"JHU_CSSE-CSSE_Ensemble",2025-05-10,0.675263599361614,10.7707406376812,0.795731329795241,17.1366666666667,0.51,0.935,200
"JHU_CSSE-CSSE_Ensemble",2025-05-31,0.737355354157821,10.9363797898551,1.06593745971842,17.77,0.52,0.94,200
"MOBS-GLEAM_COVID",2025-03-15,1.16050975215528,25.99780478474,1.19260985195286,39.5123088235294,0.431372549019608,0.82843137254902,204
"MOBS-GLEAM_COVID",2025-03-22,1.06033164923745,26.8234576896846,1.05572736619499,39.3075735294118,0.42156862745098,0.833333333333333,204
"MOBS-GLEAM_COVID",2025-03-29,1.09906748437368,27.8448802067349,1.1175180947594,41.461818627451,0.318627450980392,0.784313725490196,204
"MOBS-GLEAM_COVID",2025-04-05,1.19710666532774,25.2259805856256,1.22716812057861,38.3605714285714,0.352040816326531,0.785714285714286,196
"MOBS-GLEAM_COVID",2025-04-12,1.35283162576174,27.7517464130435,1.43553661819644,41.37354,0.27,0.775,200
"MOBS-GLEAM_COVID",2025-04-19,1.59668395906347,26.980143972937,1.73466657580176,40.0840204081633,0.137755102040816,0.637755102040816,196
"MOBS-GLEAM_COVID",2025-04-26,1.34043386600042,23.1765946086957,1.46230122995262,34.71906,0.165,0.59,200
"MOBS-GLEAM_COVID",2025-05-03,1.00049284898226,16.8323761862004,1.20919123084593,27.1904239130435,0.271739130434783,0.78804347826087,184
"MOBS-GLEAM_COVID",2025-05-10,0.927077429680189,14.5855309847826,1.10694189729851,23.66254,0.255,0.75,200
"MOBS-GLEAM_COVID",2025-05-17,1.18660606294476,17.0998322456522,1.42420547960557,26.982945,0.245,0.685,200
"MOBS-GLEAM_COVID",2025-05-24,1.29247723438545,20.5938768115942,1.38988311974931,26.6372549019608,0.284313725490196,0.632352941176471,204
"MOBS-GLEAM_COVID",2025-05-31,1.46011458636261,22.0209185848252,1.76815972114374,28.921568627451,0.142156862745098,0.465686274509804,204
"MOBS-GLEAM_COVID",2025-06-07,1.33485618184737,20.8984782608696,1.59480971516226,26.9787234042553,0.196808510638298,0.478723404255319,188
"MOBS-GLEAM_COVID",2025-06-14,1.52387103997092,26.993254076087,1.60750145617449,33.3177083333333,0.213541666666667,0.473958333333333,192
"MOBS-GLEAM_COVID",2025-06-21,1.79556997113467,25.4302240461402,1.68160398542086,30.5204081632653,0.13265306122449,0.357142857142857,196
"MOBS-GLEAM_COVID",2025-06-28,1.52937470906052,23.0651242236025,1.64507071299337,28.9948979591837,0.163265306122449,0.48469387755102,196
"MOBS-GLEAM_COVID",2025-07-05,1.75887715254759,35.9619611543478,1.79834483078044,47.863945,0.125,0.46,200
"MOBS-GLEAM_COVID",2025-07-12,1.42032065772778,31.1007742102928,1.42558153849085,42.9483265306122,0.137755102040816,0.494897959183673,196
"NEU_ISI-AdaptiveEnsemble",2025-03-15,1.19695800360449,25.7212751855779,1.28154629067781,40.0182926829268,0.378048780487805,0.859756097560976,164
"NEU_ISI-AdaptiveEnsemble",2025-03-22,1.23261364261365,30.9727811909263,1.2411868811503,45.5326086956522,0.440217391304348,0.798913043478261,184
"NEU_ISI-AdaptiveEnsemble",2025-03-29,1.08479876149731,24.8120507246377,1.15332159646093,39.2944444444444,0.383333333333333,0.816666666666667,180
"NEU_ISI-AdaptiveEnsemble",2025-04-05,0.920772791425236,18.0314275362319,1.06376597139597,31.3333333333333,0.416666666666667,0.877777777777778,180
"NEU_ISI-AdaptiveEnsemble",2025-04-12,1.10257525996019,21.119322685596,1.27521693567424,33.7687074829932,0.306122448979592,0.82312925170068,147
"NEU_ISI-AdaptiveEnsemble",2025-04-19,1.3635937738365,22.130076489533,1.50836791132937,32.9537037037037,0.203703703703704,0.62962962962963,108
"NEU_ISI-AdaptiveEnsemble",2025-04-26,0.998849631851573,12.6519899665552,1.10679234414733,18.9230769230769,0.192307692307692,0.576923076923077,78
"NEU_ISI-AdaptiveEnsemble",2025-05-31,0.973706738591495,14.7270628544423,1.23107498996459,20.7663043478261,0.342391304347826,0.679347826086957,184
"NEU_ISI-AdaptiveEnsemble",2025-06-07,1.25437457307978,18.7622049689441,1.7381124160376,28.8690476190476,0.386904761904762,0.797619047619048,168
"NEU_ISI-AdaptiveEnsemble",2025-06-14,1.10526139051856,20.0078058645096,1.28048911812284,27.8023255813953,0.296511627906977,0.709302325581395,172
"NEU_ISI-AdaptiveEnsemble",2025-06-21,1.07131357855152,18.2088888888889,1.29908562776495,29.6777777777778,0.166666666666667,0.583333333333333,180
"NEU_ISI-AdaptiveEnsemble",2025-06-28,0.872135350248647,15.5695009881423,1.15643775219013,26.0852272727273,0.346590909090909,0.75,176
"NEU_ISI-AdaptiveEnsemble",2025-07-05,0.914418733420288,19.2194589371981,1.19761549720224,33.3222222222222,0.527777777777778,0.966666666666667,180
"NEU_ISI-AdaptiveEnsemble",2025-07-12,0.835667531736882,21.9345059288538,0.943860902463127,35.3011363636364,0.380681818181818,0.857954545454545,176
"NEU_ISI-AdaptiveEnsemble",2025-07-19,0.756807551730714,21.8016381987578,0.712612381307099,31.2559523809524,0.422619047619048,0.827380952380952,168
"NEU_ISI-AdaptiveEnsemble",2025-07-26,0.672614911546325,26.0951005434783,0.700378408423458,41.1875,0.4125,0.8125,160
"NEU_ISI-AdaptiveEnsemble",2025-08-02,0.694612238450652,29.0266835187058,0.738990710350844,46.1220930232558,0.331395348837209,0.779069767441861,172
"NEU_ISI-AdaptiveEnsemble",2025-08-09,0.72758166350842,33.0139855072464,0.776079617107145,52.7628205128205,0.294871794871795,0.82051282051282,156
"NEU_ISI-AdaptiveEnsemble",2025-08-16,0.770928982775333,35.4486161187699,0.879396805124918,57.7865853658537,0.304878048780488,0.859756097560976,164
"NEU_ISI-AdaptiveEnsemble",2025-08-23,0.848159719866353,33.254567805383,0.969134254180009,54.5297619047619,0.375,0.93452380952381,168
"NEU_ISI-AdaptiveEnsemble",2025-08-30,0.937989166625608,32.1272560386473,1.01492989217698,51.5388888888889,0.422222222222222,0.911111111111111,180
"NEU_ISI-AdaptiveEnsemble",2025-09-06,0.958029494280421,28.1850338164251,0.97497849519763,42.6,0.45,0.872222222222222,180
"NEU_ISI-AdaptiveEnsemble",2025-09-13,0.74093603686658,25.2456280193237,0.784789236579188,36.5111111111111,0.477777777777778,0.872222222222222,180
"NEU_ISI-AdaptiveEnsemble",2025-09-20,0.587208114890246,23.3029069767442,0.607331421016108,34.0581395348837,0.459302325581395,0.88953488372093,172
"NEU_ISI-AdaptiveEnsemble",2025-09-27,0.61273418911329,23.0998743961353,0.601350840067636,33.9222222222222,0.416666666666667,0.883333333333333,180
"NEU_ISI-AdaptiveEnsemble",2025-11-22,0.88619675973456,12.8647188090737,0.977451253580161,20.320652173913,0.494565217391304,0.891304347826087,184
"NEU_ISI-AdaptiveEnsemble",2025-11-29,0.62021198010827,12.3045429841897,0.636643731130352,18.7386363636364,0.517045454545455,0.886363636363636,176
"NEU_ISI-AdaptiveEnsemble",2025-12-06,0.625164287155003,18.219570273003,0.566887872625539,27.3837209302326,0.453488372093023,0.895348837209302,172
"NEU_ISI-AdaptiveEnsemble",2025-12-13,0.678892708172308,22.7148940217391,0.737102341150146,38.90625,0.5125,0.93125,160
"NEU_ISI-AdaptiveEnsemble",2025-12-20,0.599122635342044,32.2453507905138,0.627568166412795,50.5113636363636,0.375,0.863636363636364,176
"NEU_ISI-AdaptiveEnsemble",2025-12-27,0.629084713244042,29.9252740036232,0.626297689509969,43.8958333333333,0.255208333333333,0.677083333333333,192
"NEU_ISI-AdaptiveEnsemble",2026-01-03,1.01719050516209,27.8891112531969,1.11541547540432,42.3921568627451,0.372549019607843,0.774509803921569,204
"NEU_ISI-AdaptiveEnsemble",2026-01-10,1.80055269576937,44.1384782608696,2.00302620918862,73.25,0.224489795918367,0.724489795918367,196
"NEU_ISI-AdaptiveEnsemble",2026-01-17,1.78778241390636,40.6326854219949,2.07531862883452,68.4313725490196,0.279411764705882,0.82843137254902,204
"NEU_ISI-AdaptiveEnsemble",2026-01-24,0.901321247255199,15.8195528656126,0.862342339767819,21.1647727272727,0.545454545454545,0.863636363636364,176
"NEU_ISI-AdaptiveEnsemble",2026-01-31,1.0247235146661,16.2422198067633,1.0804758453421,25.1611111111111,0.327777777777778,0.766666666666667,180
"NEU_ISI-AdaptiveEnsemble",2026-02-07,1.02524436480558,14.7287755102041,1.11951447456534,22.0816326530612,0.408163265306122,0.852040816326531,196
"NEU_ISI-AdaptiveEnsemble",2026-02-14,0.943961612807019,13.9834695652174,1.0009140728536,21.31,0.505,0.88,200
"NEU_ISI-AdaptiveEnsemble",2026-02-21,0.912344841358337,13.5533786231884,0.961309815520985,20.6388888888889,0.520833333333333,0.847222222222222,192
"NEU_ISI-AdaptiveEnsemble",2026-02-28,0.854840504931932,10.9841133844842,0.866681829716201,17.0686274509804,0.470588235294118,0.813725490196078,204
"NEU_ISI-AdaptiveEnsemble",2026-03-07,0.85079746617622,9.88454390451833,0.813958481123369,14.9607843137255,0.294117647058824,0.843137254901961,204
"OHT_JHU-nbxd",2025-03-15,1.19309252290191,26.2154698369565,1.23476195560519,40.5511538461538,0.384615384615385,0.831730769230769,208
"OHT_JHU-nbxd",2025-03-29,0.876662413306998,21.9987974080268,0.907441316922556,33.5602884615385,0.384615384615385,0.822115384615385,208
"OHT_JHU-nbxd",2025-04-12,0.707117948085363,14.1959692516722,0.788034107102613,22.3344230769231,0.519230769230769,0.884615384615385,208
"OHT_JHU-nbxd",2025-04-19,0.865456499238889,14.2829822115385,1.01234297293971,22.7250480769231,0.466346153846154,0.918269230769231,208
"OHT_JHU-nbxd",2025-04-26,0.746442407841243,11.991606187291,0.835283086936922,18.5209134615385,0.509615384615385,0.836538461538462,208
"OHT_JHU-nbxd",2025-05-10,0.782229832633432,12.5088039715719,0.906837405123646,19.4015384615385,0.461538461538462,0.850961538461538,208
"OHT_JHU-nbxd",2025-05-17,0.958261214750609,14.2763892349498,1.19688726615893,23.0467307692308,0.365384615384615,0.879807692307692,208
"OHT_JHU-nbxd",2025-05-24,0.932427134389612,15.8094951714047,1.2126521163562,24.7112019230769,0.394230769230769,0.865384615384615,208
"OHT_JHU-nbxd",2025-05-31,1.18004285402416,18.7403992056856,1.60207295415218,27.770625,0.456730769230769,0.875,208
"OHT_JHU-nbxd",2025-06-07,1.00395974102301,15.1386860367893,1.29484162625638,21.4280288461538,0.581730769230769,0.875,208
"OHT_JHU-nbxd",2025-06-14,0.814612050744035,14.2849137750836,0.954960761356723,19.8499519230769,0.5625,0.879807692307692,208
"OHT_JHU-nbxd",2025-06-21,0.953908212577654,16.8516713628763,1.06969023048441,25.2246634615385,0.456730769230769,0.870192307692308,208
"OHT_JHU-nbxd",2025-06-28,1.02368636609348,17.2240405518395,1.28199382464258,26.5265384615385,0.495192307692308,0.903846153846154,208
"OHT_JHU-nbxd",2025-07-05,0.919292480250714,17.7614505852843,1.10715948183272,28.4377403846154,0.475961538461538,0.913461538461538,208
"OHT_JHU-nbxd",2025-07-12,0.784810988403607,19.0901012123746,0.855475667316888,29.8239423076923,0.5,0.932692307692308,208
"OHT_JHU-nbxd",2025-07-19,0.764849988018039,19.2753257525084,0.803895682291296,30.5797115384615,0.533653846153846,0.918269230769231,208
"OHT_JHU-nbxd",2025-07-26,0.585338889882612,19.1353088419732,0.590356936179781,29.0062019230769,0.620192307692308,0.9375,208
"OHT_JHU-nbxd",2025-08-09,0.612791248270373,25.899308423913,0.691423209624034,43.3697596153846,0.490384615384615,0.942307692307692,208
"OHT_JHU-nbxd",2025-08-16,0.611008784487895,27.5995054974916,0.718939997491268,46.5289423076923,0.528846153846154,0.947115384615385,208
"OHT_JHU-nbxd",2025-08-30,0.776775730309207,25.5842050376254,0.84007706407821,40.4521153846154,0.485576923076923,0.932692307692308,208
"OHT_JHU-nbxd",2025-09-06,0.802250003601986,23.7812433319398,0.825571164333082,36.0589423076923,0.461538461538462,0.850961538461538,208
"OHT_JHU-nbxd",2025-09-13,0.715158103386209,23.9412446279264,0.756444611750572,35.7056730769231,0.423076923076923,0.855769230769231,208
"OHT_JHU-nbxd",2025-09-27,0.812649947650942,28.8932272993311,0.869618762302985,46.9,0.389423076923077,0.913461538461538,208
"OHT_JHU-nbxd",2025-11-22,1.63405589731901,24.6589744774247,1.72007804147202,37.7661538461538,0.399038461538462,0.788461538461538,208
"OHT_JHU-nbxd",2025-11-29,1.44076995652472,26.1217649247492,1.4818488543253,40.04875,0.360576923076923,0.701923076923077,208
"OHT_JHU-nbxd",2025-12-06,1.18339445418013,32.3532459448161,1.13980712203182,49.0876442307692,0.235576923076923,0.692307692307692,208
"OHT_JHU-nbxd",2025-12-13,1.1667560714288,43.0143570025084,1.1224194316716,62.3020673076923,0.225961538461538,0.658653846153846,208
"OHT_JHU-nbxd",2025-12-20,0.988400753669141,45.4289978051839,0.969541672712769,66.4530288461538,0.254807692307692,0.634615384615385,208
"OHT_JHU-nbxd",2025-12-27,1.14402921550018,46.1664759197324,1.16737068261514,68.870625,0.240384615384615,0.663461538461538,208
"OHT_JHU-nbxd",2026-01-03,2.09482699667632,49.1060539297659,2.21206944899567,72.2548076923077,0.235576923076923,0.658653846153846,208
"OHT_JHU-nbxd",2026-01-10,2.76691769447843,55.8125059573579,2.77172553231477,82.8381730769231,0.158653846153846,0.514423076923077,208
"OHT_JHU-nbxd",2026-01-17,2.96296219675442,57.5627560827759,3.05012155137311,85.7172596153846,0.105769230769231,0.442307692307692,208
"OHT_JHU-nbxd",2026-01-24,1.39390789055318,22.7589592391304,1.59650735998066,36.2171634615385,0.379807692307692,0.860576923076923,208
"OHT_JHU-nbxd",2026-01-31,0.965044359028598,17.2306463419732,0.920546026618765,25.3121153846154,0.442307692307692,0.889423076923077,208
"OHT_JHU-nbxd",2026-02-07,1.45678568781337,22.5282850752508,1.54177383355135,34.5439903846154,0.278846153846154,0.783653846153846,208
"OHT_JHU-nbxd",2026-02-14,1.20869167090984,18.313483235786,1.37025067099696,30.0264903846154,0.283653846153846,0.855769230769231,208
"OHT_JHU-nbxd",2026-02-21,1.11373461920151,16.9010717948718,1.26074765394724,27.3747435897436,0.282051282051282,0.814102564102564,208
"OHT_JHU-nbxd",2026-02-28,1.04605614091403,13.2721234113712,1.0846797549766,21.3828846153846,0.326923076923077,0.836538461538462,208
"OHT_JHU-nbxd",2026-03-07,0.97375489735968,10.8453852006689,0.9060258307557,15.7875,0.326923076923077,0.634615384615385,208
"UGA_flucast-INFLAenza",2025-03-15,0.955777765086562,21.0809950773411,0.958673588749825,31.28125,0.625,0.942307692307692,208
"UGA_flucast-INFLAenza",2025-03-22,0.831059749612296,20.9099475020903,0.805878048332674,30.3485576923077,0.591346153846154,0.956730769230769,208
"UGA_flucast-INFLAenza",2025-03-29,0.875009118141105,21.6681541701505,0.860937896807614,31.6346153846154,0.576923076923077,0.947115384615385,208
"UGA_flucast-INFLAenza",2025-04-05,0.744019723717493,15.1320407295151,0.777483747439603,23.7355769230769,0.567307692307692,0.980769230769231,208
"UGA_flucast-INFLAenza",2025-04-12,0.797991056183804,16.032894784699,0.867798787636697,24.8509615384615,0.495192307692308,0.956730769230769,208
"UGA_flucast-INFLAenza",2025-04-19,0.89504183592263,14.9976791283445,1.07231390012799,24.2403846153846,0.504807692307692,0.975961538461538,208
"UGA_flucast-INFLAenza",2025-04-26,0.726968296964321,12.2548532399666,0.832745802209569,19.3413461538462,0.504807692307692,0.951923076923077,208
"UGA_flucast-INFLAenza",2025-05-03,0.727436714353011,11.878106187291,0.8842231149932,19.1682692307692,0.461538461538462,0.947115384615385,208
"UGA_flucast-INFLAenza",2025-05-10,0.706989647557128,11.77725215301,0.859637095741467,19.2139423076923,0.461538461538462,0.942307692307692,208
"UGA_flucast-INFLAenza",2025-05-24,0.724931982537187,12.3157763691472,0.9335790551527,19.1201923076923,0.524038461538462,0.927884615384615,208
"UGA_flucast-INFLAenza",2025-05-31,0.751053631967224,11.9076483277592,1.04846627973009,18.2836538461538,0.548076923076923,0.932692307692308,208
"UGA_flucast-INFLAenza",2025-06-07,0.687548305528311,10.2731482964047,0.940654020422385,15.7548076923077,0.572115384615385,0.966346153846154,208
"UGA_flucast-INFLAenza",2025-06-21,0.70821683493662,12.0283084761706,0.855889542898835,19.2307692307692,0.451923076923077,0.918269230769231,208
"UGA_flucast-INFLAenza",2025-06-28,0.625780102069707,10.5745987249164,0.803370574342367,16.6538461538462,0.552884615384615,0.951923076923077,208
"UGA_flucast-INFLAenza",2025-07-12,0.472168630227069,11.088412562709,0.527303584876097,17.5504807692308,0.591346153846154,0.975961538461538,208
"UGA_flucast-INFLAenza",2025-07-19,0.669557047486348,16.3093364757525,0.75124644717696,27.3533653846154,0.471153846153846,0.966346153846154,208
"UGA_flucast-INFLAenza",2025-07-26,0.442330296069371,14.6828496341973,0.489891347392322,24.0745192307692,0.495192307692308,0.985576923076923,208
"UGA_flucast-INFLAenza",2025-08-02,0.508390492908808,20.2696514318562,0.55495728866435,32.8100961538462,0.365384615384615,0.903846153846154,208
"UGA_flucast-INFLAenza",2025-08-09,0.583499524339732,25.0903087688127,0.632141894310079,40.8004807692308,0.375,0.879807692307692,208
"UGA_flucast-INFLAenza",2025-08-16,0.600007579316114,27.391814548495,0.686438112262977,45.0673076923077,0.423076923076923,0.879807692307692,208
"UGA_flucast-INFLAenza",2025-08-23,0.715196767037005,29.5622274561037,0.82718759834489,48.2091346153846,0.375,0.913461538461538,208
"UGA_flucast-INFLAenza",2025-08-30,0.806554371237108,26.6114832253344,0.898543108793181,43.4086538461538,0.413461538461538,0.899038461538462,208
"UGA_flucast-INFLAenza",2025-09-06,0.886984236892864,25.9623972303512,0.931943613958892,40.7788461538462,0.355769230769231,0.865384615384615,208
"UGA_flucast-INFLAenza",2025-09-27,0.680372126906592,25.2069768812709,0.715485969362776,40.2067307692308,0.360576923076923,0.894230769230769,208
"UGA_flucast-INFLAenza",2025-11-22,0.804900479093265,12.0781588315217,0.867179892840948,19.1177884615385,0.4375,0.9375,208
"UGA_flucast-INFLAenza",2025-11-29,0.755590988581301,14.2396947533445,0.816603336949516,23.0288461538462,0.389423076923077,0.923076923076923,208
"UGA_flucast-INFLAenza",2025-12-06,0.757900922451779,24.4066340091973,0.669730047517301,35.7836538461538,0.336538461538462,0.817307692307692,208
"UGA_flucast-INFLAenza",2025-12-13,0.758561047764299,32.2121028114548,0.708726096508075,45.9879807692308,0.350961538461538,0.793269230769231,208
"UGA_flucast-INFLAenza",2025-12-20,0.777085804130746,40.0788741847826,0.744210144342184,57.7740384615385,0.298076923076923,0.730769230769231,208
"UGA_flucast-INFLAenza",2025-12-27,0.772843718233525,34.6062695129599,0.787522101627747,51.3557692307692,0.331730769230769,0.774038461538462,208
"UGA_flucast-INFLAenza",2026-01-03,0.818291103046926,20.4676535117057,0.934546188096641,32.6201923076923,0.495192307692308,0.9375,208
"UGA_flucast-INFLAenza",2026-01-10,0.75212843540679,16.3575201714047,0.760682391202403,24.625,0.600961538461538,0.980769230769231,208
"UGA_flucast-INFLAenza",2026-01-17,0.664167491115712,13.8148586956522,0.677762779140733,20.2956730769231,0.658653846153846,0.975961538461538,208
"UGA_flucast-INFLAenza",2026-01-24,0.829931966249361,14.6958797449833,0.897646298164325,22.2956730769231,0.514423076923077,0.932692307692308,208
"UGA_flucast-INFLAenza",2026-01-31,1.31809367748121,23.2370263586956,1.40887418141111,36.1057692307692,0.283653846153846,0.788461538461538,208
"UGA_flucast-INFLAenza",2026-02-07,1.08601033035614,15.7516031354515,1.27717355244466,25.9278846153846,0.399038461538462,0.9375,208
"UGA_flucast-INFLAenza",2026-02-14,1.06250781173168,15.5178086956522,1.1989089916589,25.2163461538462,0.384615384615385,0.913461538461538,208
"UGA_flucast-INFLAenza",2026-02-21,0.916896214200434,14.3789953037904,0.998732412719177,21.9967948717949,0.474358974358974,0.916666666666667,208
"UGA_flucast-INFLAenza",2026-02-28,0.664603911050954,8.51733024665552,0.635376037558449,12.4711538461538,0.576923076923077,0.961538461538462,208
"UGA_flucast-INFLAenza",2026-03-07,0.677633184561336,8.19642027591973,0.673445172948984,12.7692307692308,0.557692307692308,0.942307692307692,208
"UM-DeepOutbreak",2025-03-15,1.43145687156471,33.123399390382,1.1315479972688,39.1557789765872,0.798076923076923,1,208
"UM-DeepOutbreak",2025-03-22,1.39004934165785,36.1774144662397,1.3867055015411,54.2378101417652,0.701923076923077,1,208
"UM-DeepOutbreak",2025-03-29,1.26863524190931,31.5872575145267,1.08933196293455,40.0380022008008,0.759615384615385,0.995192307692308,208
"UM-DeepOutbreak",2025-04-05,1.26516969192097,25.8196047592332,1.01386222492759,30.3387860354896,0.870192307692308,1,208
"UM-DeepOutbreak",2025-04-12,1.46846499479991,29.5327233153085,1.42187852355934,40.9405149009365,0.822115384615385,0.995192307692308,208
"UM-DeepOutbreak",2025-04-19,1.39393793544861,23.50113808558,1.11714592303646,25.1261566235469,0.841346153846154,0.995192307692308,208
"UM-DeepOutbreak",2025-04-26,1.48797303346155,24.6675535853334,1.77379379487764,40.3541483099644,0.581730769230769,0.942307692307692,208
"UM-DeepOutbreak",2025-05-03,1.18286615455459,19.1457437402324,1.20419517308817,26.1045545431284,0.778846153846154,0.990384615384615,208
"UM-DeepOutbreak",2025-05-17,1.5156352019342,21.6016960577936,1.58695091044657,28.8825073134727,0.764423076923077,1,208
"UM-DeepOutbreak",2025-05-24,1.55011797370149,24.926934398418,2.02076631926883,39.0112598902331,0.413461538461538,0.865384615384615,208
"UM-DeepOutbreak",2025-05-31,1.13144679830724,17.7529449382367,1.37849813859703,23.2239839021976,0.740384615384615,0.961538461538462,208
"UM-DeepOutbreak",2025-11-22,1.27992282798824,19.4121254887289,1.24859439459891,28.2293570345553,0.740384615384615,0.975961538461538,208
"UM-DeepOutbreak",2025-11-29,1.00864352658221,18.547121311728,0.812502357922185,22.2625366404038,0.725961538461538,0.975961538461538,208
"UM-DeepOutbreak",2025-12-06,0.849827913157592,23.9115808436818,0.727680798286408,33.5139239259455,0.620192307692308,0.956730769230769,208
"UM-DeepOutbreak",2025-12-13,0.88971226250976,33.9486593787611,0.759149767960322,44.6219855163782,0.543269230769231,0.783653846153846,208
"UM-DeepOutbreak",2025-12-20,0.796041430323924,37.7026334349799,0.722667374279683,51.2006921055449,0.456730769230769,0.716346153846154,208
"UM-DeepOutbreak",2025-12-27,0.896363131908821,37.7815395168258,0.806443419176375,50.4167445324159,0.461538461538462,0.745192307692308,208
"UM-DeepOutbreak",2026-01-03,1.18102528225129,28.9309938504142,1.27179613190387,43.815482159984,0.600961538461538,0.846153846153846,208
"UM-DeepOutbreak",2026-01-10,2.30403613414992,51.7649351222941,2.47635764788006,80.2147152647436,0.360576923076923,0.701923076923077,208
"UM-DeepOutbreak",2026-01-17,1.69096136627103,34.6165507332525,1.84232756892116,53.8776560533974,0.461538461538462,0.817307692307692,208
"UM-DeepOutbreak",2026-01-24,1.25455533178292,22.1048477714207,1.19168545603828,30.2480062559888,0.629807692307692,0.927884615384615,208
"UM-DeepOutbreak",2026-01-31,1.53676152952801,26.8917273162496,1.58001953827323,41.1620076757051,0.548076923076923,0.9375,208
"UM-DeepOutbreak",2026-02-07,1.61051968437653,23.5199521330222,1.62142899027275,34.0523570432724,0.533653846153846,0.961538461538462,208
"UM-DeepOutbreak",2026-02-21,1.2619325937902,19.127736803296,1.27512042519071,26.8431452259145,0.705128205128205,0.967948717948718,208
"UM-DeepOutbreak",2026-02-28,1.25966850272431,15.6510287062517,1.25330418928417,24.0546138869744,0.653846153846154,0.951923076923077,208
"UM-DeepOutbreak",2026-03-07,1.39401869321763,15.8770693545795,1.37559213261596,24.3632576253365,0.557692307692308,0.980769230769231,208
"UMass-ar6_pooled",2025-03-15,1.01980906403232,23.3742802337698,0.973069395820514,33.5337271864371,0.644230769230769,0.980769230769231,208
"UMass-ar6_pooled",2025-03-22,1.01465455173443,25.8640735533201,0.961402640940264,37.0156363389475,0.572115384615385,0.966346153846154,208
"UMass-ar6_pooled",2025-03-29,1.00367789652385,25.0383373312479,0.982220956342787,36.7236818564965,0.644230769230769,0.956730769230769,208
"UMass-ar6_pooled",2025-04-05,0.964568281182098,20.02333874512,0.983358669705305,30.5994845494666,0.629807692307692,0.980769230769231,208
"UMass-ar6_pooled",2025-04-12,0.930579819262826,18.8911834926731,0.950692456015648,27.5023677532776,0.653846153846154,0.980769230769231,208
"UMass-ar6_pooled",2025-04-19,0.974416405847816,16.6088281381606,1.06320751338524,24.5006607991423,0.639423076923077,0.990384615384615,208
"UMass-ar6_pooled",2025-05-03,0.964063837491122,16.1953937026778,1.07110827883818,23.5825920324744,0.596153846153846,0.985576923076923,208
"UMass-ar6_pooled",2025-05-10,0.935315359048329,15.6731865791036,1.00780436908211,22.3422889781595,0.600961538461538,0.990384615384615,208
"UMass-ar6_pooled",2025-05-17,0.895125610834321,13.2242877975845,0.963066987597931,18.6762222541827,0.596153846153846,0.980769230769231,208
"UMass-ar6_pooled",2025-05-24,0.83232286583903,14.215743715727,0.991148256790589,20.5500710188646,0.663461538461538,0.971153846153846,208
"UMass-ar6_pooled",2025-05-31,0.790720881274071,12.7487424487715,0.992749232738704,17.8846254698822,0.6875,0.971153846153846,208
"UMass-ar6_pooled",2025-06-07,0.894932317372853,13.3076856541358,1.15206728456716,19.3521296694991,0.735576923076923,0.990384615384615,208
"UMass-ar6_pooled",2025-06-14,0.805110286944354,13.8311855714438,0.992713324146185,20.4389986205922,0.644230769230769,0.971153846153846,208
"UMass-ar6_pooled",2025-06-21,0.812255496691895,13.8711399147132,0.976687614984676,21.9802417368953,0.552884615384615,0.990384615384615,208
"UMass-ar6_pooled",2025-06-28,0.737536402190123,12.4403887459676,0.878691652608294,18.3743142499279,0.716346153846154,0.975961538461538,208
"UMass-ar6_pooled",2025-07-05,0.657651721631426,12.6937048240011,0.765762955664216,19.536200267815,0.706730769230769,0.985576923076923,208
"UMass-ar6_pooled",2025-07-12,0.654537519549731,15.6793313528059,0.776044615079026,26.641858167317,0.591346153846154,0.975961538461538,208
"UMass-ar6_pooled",2025-07-19,0.649488499185554,16.7336327032423,0.7389217650102,28.6049842507975,0.543269230769231,0.975961538461538,208
"UMass-ar6_pooled",2025-07-26,0.641845508251976,21.6221141255384,0.759095047147093,37.8540610433208,0.514423076923077,0.990384615384615,208
"UMass-ar6_pooled",2025-08-02,0.677883959443697,26.627955663356,0.767967886267322,44.6974322732596,0.408653846153846,0.923076923076923,208
"UMass-ar6_pooled",2025-09-20,0.947278397803365,37.3624717847369,1.07702454342386,60.1717313013875,0.447115384615385,0.932692307692308,208
"UMass-ar6_pooled",2025-09-27,0.967983051043697,36.867538277218,1.05371525507414,60.6619185682553,0.336538461538462,0.9375,208
"UMass-ar6_pooled",2025-11-22,0.815127376722616,12.0686007400905,0.793089925651382,17.4309429835815,0.629807692307692,0.971153846153846,208
"UMass-ar6_pooled",2025-11-29,0.773848651927218,15.1256921924149,0.767844590294082,23.8218344309289,0.543269230769231,0.971153846153846,208
"UMass-ar6_pooled",2025-12-06,0.796640315767244,24.5466622748528,0.793957453164486,38.6463968493849,0.447115384615385,0.913461538461538,208
"UMass-ar6_pooled",2025-12-13,0.761005738236265,31.5946483456826,0.7623819834444,48.6833827353398,0.456730769230769,0.879807692307692,208
"UMass-ar6_pooled",2025-12-20,0.781840602282621,40.6207311866646,0.789879771233881,62.6448851902563,0.331730769230769,0.831730769230769,208
"UMass-ar6_pooled",2025-12-27,0.788078413469696,34.7743770420311,0.817493432825795,52.8341983030412,0.408653846153846,0.841346153846154,208
"UMass-ar6_pooled",2026-01-03,0.972336300524251,24.6011754744925,1.06839326778153,37.3630036250653,0.543269230769231,0.956730769230769,208
"UMass-ar6_pooled",2026-01-10,1.66435298226722,38.1357004526587,1.83686792345139,62.159452327353,0.413461538461538,0.951923076923077,208
"UMass-ar6_pooled",2026-01-17,2.22880863815112,45.9304984704498,2.52552095240026,75.4337695885329,0.358974358974359,0.942307692307692,156
"UMass-ar6_pooled",2026-01-24,1.0271193084553,18.5870893613778,1.06721084630327,27.1290422944463,0.721153846153846,0.966346153846154,208
"UMass-ar6_pooled",2026-01-31,0.96975470198915,17.3411355320596,0.887803426837443,23.4646429704019,0.663461538461538,0.971153846153846,208
"UMass-ar6_pooled",2026-02-07,0.940665811867486,13.8653101062376,0.878074416168197,17.7197319377099,0.807692307692308,0.975961538461538,208
"UMass-ar6_pooled",2026-02-14,1.02870894781176,15.2554972940508,1.0413918078913,21.9438873199922,0.6875,0.975961538461538,208
"UMass-ar6_pooled",2026-02-21,1.08699730169732,16.5464111250223,1.09653757056342,23.5254368867647,0.596153846153846,0.967948717948718,208
"UMass-ar6_pooled",2026-02-28,1.01551669101816,13.0168536545671,1.00293849454033,19.8649263903595,0.596153846153846,0.961538461538462,208
"UMass-ar6_pooled",2026-03-07,1.01135895387872,11.9273074138475,1.01707853847275,18.7302340963722,0.480769230769231,0.942307692307692,208
"UMass-gbqr",2025-03-15,1.09681425970828,24.2370443350701,1.11828918220826,36.6844730518422,0.504807692307692,0.956730769230769,208
"UMass-gbqr",2025-03-22,0.908314400041375,22.665056703931,0.884028492274071,32.563626409803,0.5,0.913461538461538,208
"UMass-gbqr",2025-03-29,0.814047822244891,19.908718524989,0.831151381688798,30.1172072352894,0.533653846153846,0.961538461538462,208
"UMass-gbqr",2025-04-05,0.653590052705508,13.0308391628921,0.632671186607802,18.8684102498127,0.596153846153846,0.975961538461538,208
"UMass-gbqr",2025-04-12,0.703726561152261,13.8821008573632,0.740182481310095,20.5928876286189,0.586538461538462,0.971153846153846,208
"UMass-gbqr",2025-04-19,0.812560075676768,13.1599391150929,0.925407016162429,20.4007491192135,0.543269230769231,0.990384615384615,208
"UMass-gbqr",2025-05-03,0.688354438863614,11.1279901811056,0.810031979677798,17.7008917466992,0.480769230769231,0.966346153846154,208
"UMass-gbqr",2025-05-10,0.675290812810807,10.9154494824035,0.79164208967339,17.0713440643645,0.552884615384615,0.961538461538462,208
"UMass-gbqr",2025-05-17,0.743693455297763,10.8877104692718,0.903489129079292,17.2455654980573,0.432692307692308,0.956730769230769,208
"UMass-gbqr",2025-05-24,0.806852758241789,13.7477309479989,1.00269103167099,20.5229280578754,0.514423076923077,0.956730769230769,208
"UMass-gbqr",2025-05-31,0.821406956246415,13.0969743357141,1.10705819239795,19.1359233293956,0.538461538461538,0.942307692307692,208
"UMass-gbqr",2025-06-07,0.842914274856392,12.5151975337885,1.2031409603871,19.9441301379542,0.528846153846154,0.980769230769231,208
"UMass-gbqr",2025-06-14,0.763855028267263,12.9896523450581,0.925477827648082,18.8901726871248,0.5,0.951923076923077,208
"UMass-gbqr",2025-06-21,0.744174667849507,12.7848400300628,0.90736988793847,20.5250509561006,0.461538461538462,0.971153846153846,208
"UMass-gbqr",2025-06-28,0.691106853334017,11.9444174640134,0.894144670172531,18.8536001759139,0.538461538461538,0.971153846153846,208
"UMass-gbqr",2025-07-05,0.770686077994764,15.5541502777591,0.926119647343251,24.825971579131,0.519230769230769,0.980769230769231,208
"UMass-gbqr",2025-07-12,0.851970992167067,21.6395875718593,0.926109041499751,33.2880192338482,0.432692307692308,0.903846153846154,208
"UMass-gbqr",2025-07-19,0.863715963383903,23.6209884803513,0.935351297362534,37.4874214896391,0.317307692307692,0.899038461538462,208
"UMass-gbqr",2025-07-26,0.887486283573724,31.0278462131875,0.919726181530913,47.0598031875556,0.293269230769231,0.798076923076923,208
"UMass-gbqr",2025-08-02,0.836140569257056,34.6739338197512,0.890627700782842,53.513406153127,0.173076923076923,0.745192307692308,208
"UMass-gbqr",2025-09-20,1.03551085062213,42.1765963429748,1.08860172582665,62.4449092107091,0.336538461538462,0.788461538461538,208
"UMass-gbqr",2025-09-27,1.1011972867003,42.2902783078346,1.14588145451501,66.226839906494,0.197115384615385,0.764423076923077,208
"UMass-gbqr",2025-11-22,0.872325991480115,13.5327903499145,0.933038294917931,20.9794982942758,0.283653846153846,0.846153846153846,208
"UMass-gbqr",2025-11-29,0.774013017420221,16.1521327130107,0.763786792781651,23.8903637055625,0.370192307692308,0.807692307692308,208
"UMass-gbqr",2025-12-06,0.83018056051296,27.3549462043615,0.732283306118356,37.1535360776553,0.3125,0.725961538461538,208
"UMass-gbqr",2025-12-13,0.888649197047179,37.8615233792638,0.800546185933263,50.5143162988026,0.3125,0.649038461538462,208
"UMass-gbqr",2025-12-20,0.870990385396186,47.3901911011944,0.786572861771779,62.6898770573899,0.216346153846154,0.567307692307692,208
"UMass-gbqr",2025-12-27,0.860998453380783,38.5795059604412,0.842433723696624,54.3417157219041,0.302884615384615,0.644230769230769,208
"UMass-gbqr",2026-01-03,0.959502402297019,23.1141457021259,1.13807886185416,37.838931465943,0.4375,0.9375,208
"UMass-gbqr",2026-01-10,1.3607853563386,29.3060705534972,1.50739957154298,47.7576527818674,0.365384615384615,0.932692307692308,208
"UMass-gbqr",2026-01-17,1.84003399795967,36.0503968922983,2.12903049478484,60.2484067626427,0.320512820512821,0.91025641025641,156
"UMass-gbqr",2026-01-24,0.922146908964019,16.1147159227182,1.05630342319933,25.4402329141223,0.5625,0.966346153846154,208
"UMass-gbqr",2026-01-31,0.869940036310481,15.4403419687599,0.887915777408713,23.3673672815052,0.548076923076923,0.932692307692308,208
"UMass-gbqr",2026-02-07,0.778512651018841,11.3393079719476,0.864955623523398,17.6086068795394,0.538461538461538,0.951923076923077,208
"UMass-gbqr",2026-02-14,0.999987246813554,14.4786404208105,1.07284196418743,22.3773399184419,0.418269230769231,0.913461538461538,208
"UMass-gbqr",2026-02-21,1.05321549137065,15.6059838309137,1.11688346352544,23.3706737276233,0.384615384615385,0.903846153846154,208
"UMass-gbqr",2026-02-28,0.888848269580327,11.0934083360743,0.894506855019473,17.3022323061328,0.5,0.903846153846154,208
"UMass-gbqr",2026-03-07,0.997249286777404,11.4817939178714,0.977735760157299,17.5033032197745,0.403846153846154,0.884615384615385,208
